n_over_m,sparsity,condition,seed,fvu_new_start,fvu_new_end,fvu_old_start,fvu_old_end,forgetting,steps_to_new_thresh,wnorm_new_start,wnorm_new_end,traj
2,0.9,baseline,0,2.8657937049865723,0.00017346015374641865,0.08300213515758514,0.1387643814086914,0.05576224625110626,300,1.3790693283081055,0.9748635292053223,0:2.866:0.083;150:0.376:0.113;300:0.111:0.132;450:0.009:0.145;600:0.001:0.144;750:0.001:0.142;900:0.000:0.141;1050:0.000:0.140;1200:0.000:0.140;1350:0.000:0.139;1500:0.000:0.139
2,0.9,baseline,1,1.597438931465149,0.0006144909420982003,0.04903684929013252,0.0829775258898735,0.03394067659974098,300,1.2876752614974976,1.233597755432129,0:1.597:0.049;150:0.683:0.088;300:0.098:0.101;450:0.010:0.102;600:0.003:0.097;750:0.002:0.091;900:0.001:0.087;1050:0.001:0.084;1200:0.001:0.083;1350:0.001:0.083;1500:0.001:0.083
2,0.9,baseline,2,0.9990456104278564,0.00039963703602552414,0.048245202749967575,0.08442651480436325,0.036181312054395676,300,1.0098764896392822,1.0230813026428223,0:0.999:0.048;150:0.291:0.090;300:0.022:0.109;450:0.001:0.101;600:0.001:0.095;750:0.001:0.089;900:0.001:0.085;1050:0.001:0.084;1200:0.000:0.084;1350:0.000:0.084;1500:0.000:0.084
2,0.9,baseline,3,1.3132808208465576,0.00047609550529159606,0.08786046504974365,0.1429440826177597,0.05508361756801605,300,1.7787744998931885,0.9485230445861816,0:1.313:0.088;150:0.314:0.121;300:0.029:0.157;450:0.003:0.153;600:0.001:0.148;750:0.001:0.146;900:0.001:0.145;1050:0.001:0.144;1200:0.001:0.144;1350:0.001:0.143;1500:0.000:0.143
2,0.9,baseline,4,1.4931827783584595,0.0006109768874011934,0.07818640768527985,0.1380975991487503,0.05991119146347046,300,1.320136308670044,1.081592321395874,0:1.493:0.078;150:0.248:0.128;300:0.064:0.146;450:0.012:0.149;600:0.002:0.143;750:0.001:0.140;900:0.001:0.139;1050:0.001:0.139;1200:0.001:0.139;1350:0.001:0.138;1500:0.001:0.138
2,0.9,input_at,0,3.874107837677002,0.0003710861783474684,0.0516686774790287,0.08757687360048294,0.03590819612145424,450,0.41742199659347534,0.9873426556587219,0:3.874:0.052;150:0.453:0.076;300:0.290:0.086;450:0.102:0.101;600:0.010:0.103;750:0.001:0.096;900:0.000:0.092;1050:0.000:0.090;1200:0.000:0.089;1350:0.000:0.088;1500:0.000:0.088
2,0.9,input_at,1,1.5905709266662598,0.0005557587137445807,0.05087956041097641,0.08736605942249298,0.03648649901151657,300,0.42486581206321716,1.2163053750991821,0:1.591:0.051;150:0.341:0.104;300:0.041:0.105;450:0.004:0.096;600:0.002:0.092;750:0.001:0.090;900:0.001:0.089;1050:0.001:0.088;1200:0.001:0.088;1350:0.001:0.088;1500:0.001:0.087
2,0.9,input_at,2,0.8567609190940857,0.0008389592403545976,0.04939223453402519,0.0869077742099762,0.037515539675951004,300,0.07097707688808441,1.031476378440857,0:0.857:0.049;150:0.226:0.095;300:0.022:0.113;450:0.002:0.107;600:0.001:0.102;750:0.001:0.097;900:0.001:0.094;1050:0.001:0.091;1200:0.001:0.089;1350:0.001:0.088;1500:0.001:0.087
2,0.9,input_at,3,1.2433940172195435,0.0007578232325613499,0.050967711955308914,0.0873534232378006,0.036385711282491684,300,0.0007616495713591576,0.9797203540802002,0:1.243:0.051;150:0.277:0.091;300:0.029:0.111;450:0.002:0.109;600:0.001:0.106;750:0.001:0.103;900:0.001:0.098;1050:0.001:0.093;1200:0.001:0.090;1350:0.001:0.088;1500:0.001:0.087
2,0.9,input_at,4,1.5894215106964111,0.000556869141291827,0.047814324498176575,0.08209335058927536,0.034279026091098785,300,0.000306238274788484,1.0632771253585815,0:1.589:0.048;150:0.243:0.088;300:0.018:0.107;450:0.002:0.104;600:0.001:0.100;750:0.001:0.095;900:0.001:0.090;1050:0.001:0.086;1200:0.001:0.083;1350:0.001:0.083;1500:0.001:0.082
2,0.9,lat,0,1.3758795261383057,0.00012664627865888178,0.05240461975336075,0.08402390778064728,0.03161928802728653,300,1.4663610458374023,1.1186882257461548,0:1.376:0.052;150:0.560:0.072;300:0.120:0.102;450:0.002:0.104;600:0.001:0.096;750:0.000:0.088;900:0.000:0.085;1050:0.000:0.084;1200:0.000:0.084;1350:0.000:0.084;1500:0.000:0.084
2,0.9,lat,1,1.6035453081130981,0.0002718611794989556,0.05305293947458267,0.08766559511423111,0.03461265563964844,600,1.326366901397705,1.1401162147521973,0:1.604:0.053;150:1.604:0.067;300:1.604:0.063;450:0.805:0.076;600:0.037:0.102;750:0.001:0.091;900:0.001:0.089;1050:0.001:0.088;1200:0.000:0.088;1350:0.000:0.088;1500:0.000:0.088
2,0.9,lat,2,1.3746880292892456,0.00019565891125239432,0.04909535124897957,0.08257465064525604,0.033479299396276474,300,1.0247186422348022,1.1123626232147217,0:1.375:0.049;150:0.503:0.074;300:0.064:0.111;450:0.005:0.098;600:0.001:0.089;750:0.001:0.085;900:0.000:0.084;1050:0.000:0.083;1200:0.000:0.083;1350:0.000:0.083;1500:0.000:0.083
2,0.9,lat,3,1.4371505975723267,0.00020276980649214238,0.0884992703795433,0.14303304255008698,0.05453377217054367,300,1.7218765020370483,1.1435306072235107,0:1.437:0.088;150:0.592:0.105;300:0.124:0.151;450:0.009:0.158;600:0.001:0.150;750:0.001:0.146;900:0.000:0.144;1050:0.000:0.144;1200:0.000:0.143;1350:0.000:0.143;1500:0.000:0.143
2,0.9,lat,4,1.6239744424819946,1.6244640350341797,0.08740054816007614,0.08440282940864563,-0.0029977187514305115,-1,1.283499836921692,0.7197145819664001,0:1.624:0.087;150:1.624:0.087;300:1.624:0.086;450:1.624:0.085;600:1.624:0.085;750:1.624:0.085;900:1.624:0.085;1050:1.624:0.085;1200:1.624:0.085;1350:1.624:0.085;1500:1.624:0.084
4,0.9,baseline,0,4.299860954284668,0.003988407552242279,0.39690300822257996,0.4615805149078369,0.06467750668525696,600,0.8959329724311829,1.009672999382019,0:4.300:0.397;150:0.615:0.418;300:0.485:0.425;450:0.294:0.439;600:0.104:0.456;750:0.025:0.465;900:0.008:0.466;1050:0.005:0.464;1200:0.005:0.463;1350:0.004:0.462;1500:0.004:0.462
4,0.9,baseline,1,1.5640649795532227,0.00412751454859972,0.389570027589798,0.4591211676597595,0.06955114006996155,300,1.4149733781814575,1.260756492614746,0:1.564:0.390;150:0.370:0.425;300:0.133:0.449;450:0.045:0.461;600:0.017:0.464;750:0.009:0.463;900:0.006:0.462;1050:0.005:0.461;1200:0.005:0.460;1350:0.004:0.460;1500:0.004:0.459
4,0.9,baseline,2,0.9847332239151001,0.003294135443866253,0.38751843571662903,0.4620265066623688,0.07450807094573975,300,1.5525197982788086,1.1095666885375977,0:0.985:0.388;150:0.418:0.419;300:0.114:0.449;450:0.034:0.461;600:0.012:0.464;750:0.006:0.464;900:0.004:0.464;1050:0.004:0.463;1200:0.004:0.463;1350:0.004:0.462;1500:0.003:0.462
4,0.9,baseline,3,1.0952881574630737,0.004004838410764933,0.3955085277557373,0.4636223018169403,0.068113774061203,300,1.9415969848632812,1.0528216361999512,0:1.095:0.396;150:0.487:0.426;300:0.128:0.458;450:0.035:0.471;600:0.011:0.472;750:0.006:0.470;900:0.005:0.468;1050:0.004:0.467;1200:0.004:0.466;1350:0.004:0.464;1500:0.004:0.464
4,0.9,baseline,4,1.4565743207931519,0.004591889679431915,0.3858770430088043,0.45976221561431885,0.07388517260551453,300,0.8085485696792603,1.1067923307418823,0:1.457:0.386;150:0.432:0.420;300:0.110:0.450;450:0.025:0.462;600:0.009:0.463;750:0.007:0.462;900:0.006:0.462;1050:0.005:0.461;1200:0.005:0.461;1350:0.005:0.460;1500:0.005:0.460
4,0.9,input_at,0,2.7097628116607666,0.002979501150548458,0.45441776514053345,0.47081270813941956,0.01639494299888611,450,0.08673223108053207,1.0266122817993164,0:2.710:0.454;150:0.526:0.456;300:0.299:0.465;450:0.053:0.480;600:0.007:0.481;750:0.005:0.478;900:0.004:0.476;1050:0.004:0.474;1200:0.003:0.473;1350:0.003:0.472;1500:0.003:0.471
4,0.9,input_at,1,1.5635443925857544,0.004416532348841429,0.44014856219291687,0.4626850485801697,0.022536486387252808,300,0.2829056978225708,1.184285044670105,0:1.564:0.440;150:0.265:0.457;300:0.073:0.474;450:0.021:0.476;600:0.010:0.474;750:0.007:0.471;900:0.006:0.468;1050:0.006:0.466;1200:0.005:0.465;1350:0.005:0.464;1500:0.004:0.463
4,0.9,input_at,2,1.0727049112319946,0.004113726317882538,0.44369983673095703,0.4645695090293884,0.020869672298431396,300,0.008899735286831856,1.0541441440582275,0:1.073:0.444;150:0.352:0.456;300:0.083:0.475;450:0.019:0.479;600:0.008:0.476;750:0.006:0.473;900:0.005:0.471;1050:0.005:0.468;1200:0.005:0.467;1350:0.004:0.465;1500:0.004:0.465
4,0.9,input_at,3,1.1444061994552612,0.0032924036495387554,0.44659850001335144,0.4661352336406708,0.019536733627319336,300,0.01451186928898096,0.9917552471160889,0:1.144:0.447;150:0.333:0.457;300:0.049:0.478;450:0.011:0.477;600:0.006:0.474;750:0.005:0.472;900:0.005:0.470;1050:0.004:0.469;1200:0.004:0.468;1350:0.004:0.467;1500:0.003:0.466
4,0.9,input_at,4,1.4676768779754639,0.004713496658951044,0.4472120702266693,0.46821653842926025,0.021004468202590942,300,2.9347517749300778e-09,1.0666457414627075,0:1.468:0.447;150:0.262:0.463;300:0.061:0.479;450:0.018:0.480;600:0.009:0.478;750:0.007:0.475;900:0.007:0.473;1050:0.006:0.471;1200:0.005:0.470;1350:0.005:0.469;1500:0.005:0.468
4,0.9,lat,0,0.9390466809272766,0.00429627625271678,0.4104625880718231,0.46058163046836853,0.05011904239654541,450,0.8982117176055908,1.5238990783691406,0:0.939:0.410;150:0.762:0.415;300:0.388:0.435;450:0.067:0.464;600:0.015:0.469;750:0.007:0.468;900:0.006:0.466;1050:0.005:0.465;1200:0.005:0.463;1350:0.004:0.462;1500:0.004:0.461
4,0.9,lat,1,1.5962961912155151,0.004543979652225971,0.4052889347076416,0.4579569697380066,0.05266803503036499,450,1.4448089599609375,1.638596534729004,0:1.596:0.405;150:0.802:0.412;300:0.525:0.420;450:0.173:0.446;600:0.049:0.461;750:0.015:0.464;900:0.007:0.463;1050:0.005:0.461;1200:0.005:0.460;1350:0.005:0.459;1500:0.005:0.458
4,0.9,lat,2,1.4043115377426147,0.003201229963451624,0.4122546911239624,0.4616960883140564,0.049441397190093994,600,1.463713526725769,1.4351524114608765,0:1.404:0.412;150:0.836:0.412;300:0.668:0.418;450:0.240:0.448;600:0.041:0.466;750:0.010:0.468;900:0.005:0.467;1050:0.004:0.465;1200:0.003:0.464;1350:0.003:0.462;1500:0.003:0.462
4,0.9,lat,3,1.5109920501708984,0.003208509413525462,0.41763922572135925,0.46810194849967957,0.05046272277832031,450,1.9015592336654663,1.3164782524108887,0:1.511:0.418;150:0.848:0.419;300:0.656:0.429;450:0.172:0.461;600:0.024:0.478;750:0.006:0.478;900:0.004:0.475;1050:0.003:0.473;1200:0.003:0.471;1350:0.003:0.469;1500:0.003:0.468
4,0.9,lat,4,1.5836167335510254,0.003772839205339551,0.40758374333381653,0.46462735533714294,0.057043612003326416,450,0.8003542423248291,1.4645711183547974,0:1.584:0.408;150:0.823:0.410;300:0.576:0.421;450:0.119:0.456;600:0.023:0.470;750:0.008:0.471;900:0.005:0.469;1050:0.004:0.468;1200:0.004:0.467;1350:0.004:0.466;1500:0.004:0.465
8,0.9,baseline,0,1.9595454931259155,0.003095991676673293,0.7130401730537415,0.7423174381256104,0.029277265071868896,450,1.362838864326477,1.099640130996704,0:1.960:0.713;150:0.579:0.724;300:0.397:0.731;450:0.157:0.740;600:0.038:0.745;750:0.011:0.746;900:0.005:0.745;1050:0.004:0.744;1200:0.003:0.743;1350:0.003:0.743;1500:0.003:0.742
8,0.9,baseline,1,1.616121768951416,0.005405872128903866,0.7098435163497925,0.7400817275047302,0.030238211154937744,300,1.221635341644287,1.2757049798965454,0:1.616:0.710;150:0.436:0.726;300:0.166:0.737;450:0.057:0.744;600:0.021:0.745;750:0.010:0.745;900:0.008:0.743;1050:0.007:0.742;1200:0.006:0.742;1350:0.006:0.741;1500:0.005:0.740
8,0.9,baseline,2,1.077027678489685,0.003585953265428543,0.7130324840545654,0.7434616088867188,0.03042912483215332,300,1.005875587463379,1.1337319612503052,0:1.077:0.713;150:0.450:0.727;300:0.134:0.741;450:0.037:0.747;600:0.012:0.748;750:0.006:0.748;900:0.004:0.747;1050:0.004:0.746;1200:0.004:0.745;1350:0.004:0.744;1500:0.004:0.743
8,0.9,baseline,3,1.1837184429168701,0.004469923209398985,0.7044682502746582,0.7371084690093994,0.03264021873474121,300,1.648514747619629,1.1008884906768799,0:1.184:0.704;150:0.501:0.717;300:0.133:0.733;450:0.035:0.741;600:0.012:0.742;750:0.006:0.741;900:0.005:0.740;1050:0.005:0.739;1200:0.005:0.738;1350:0.005:0.738;1500:0.004:0.737
8,0.9,baseline,4,1.5062813758850098,0.061413925141096115,0.7061029076576233,0.7262207865715027,0.020117878913879395,300,0.5481301546096802,1.1827257871627808,0:1.506:0.706;150:0.443:0.719;300:0.155:0.730;450:0.073:0.733;600:0.058:0.733;750:0.059:0.731;900:0.060:0.729;1050:0.061:0.728;1200:0.062:0.728;1350:0.062:0.727;1500:0.061:0.726
8,0.9,input_at,0,1.3508247137069702,0.002841596957296133,0.7682278156280518,0.7506263256072998,-0.017601490020751953,300,0.28021982312202454,1.0758330821990967,0:1.351:0.768;150:0.376:0.769;300:0.092:0.772;450:0.011:0.770;600:0.005:0.766;750:0.005:0.762;900:0.004:0.759;1050:0.004:0.757;1200:0.003:0.755;1350:0.003:0.753;1500:0.003:0.751
8,0.9,input_at,1,1.6037415266036987,0.005761547479778528,0.7573418021202087,0.7406774163246155,-0.01666438579559326,300,0.3554445505142212,1.2388721704483032,0:1.604:0.757;150:0.336:0.755;300:0.078:0.759;450:0.020:0.757;600:0.011:0.754;750:0.008:0.751;900:0.008:0.748;1050:0.007:0.745;1200:0.007:0.743;1350:0.006:0.742;1500:0.006:0.741
8,0.9,input_at,2,1.1082075834274292,0.004782656207680702,0.7627993822097778,0.7423001527786255,-0.020499229431152344,300,0.11759616434574127,1.039677381515503,0:1.108:0.763;150:0.263:0.762;300:0.039:0.765;450:0.011:0.761;600:0.008:0.757;750:0.007:0.754;900:0.006:0.751;1050:0.006:0.749;1200:0.006:0.746;1350:0.005:0.744;1500:0.005:0.742
8,0.9,input_at,3,1.206175684928894,0.0027032645884901285,0.7585158944129944,0.7521368265151978,-0.006379067897796631,300,0.11598572134971619,1.0215728282928467,0:1.206:0.759;150:0.319:0.758;300:0.029:0.763;450:0.009:0.759;600:0.006:0.757;750:0.005:0.756;900:0.004:0.755;1050:0.004:0.754;1200:0.003:0.753;1350:0.003:0.753;1500:0.003:0.752
8,0.9,input_at,4,1.5127884149551392,0.004399806261062622,0.7544382810592651,0.7476442456245422,-0.0067940354347229,300,0.0001573466433910653,1.1126923561096191,0:1.513:0.754;150:0.327:0.755;300:0.095:0.760;450:0.019:0.760;600:0.008:0.757;750:0.007:0.754;900:0.007:0.752;1050:0.006:0.750;1200:0.005:0.749;1350:0.005:0.748;1500:0.004:0.748
8,0.9,lat,0,1.1804677248001099,0.00335748796351254,0.7261727452278137,0.7437628507614136,0.017590105533599854,450,1.3633562326431274,1.2079914808273315,0:1.180:0.726;150:0.609:0.731;300:0.301:0.740;450:0.064:0.749;600:0.014:0.750;750:0.006:0.749;900:0.004:0.748;1050:0.004:0.747;1200:0.004:0.746;1350:0.004:0.745;1500:0.003:0.744
8,0.9,lat,1,1.6461013555526733,0.004312558099627495,0.7206910848617554,0.7403979301452637,0.0197068452835083,450,1.223337173461914,1.5088030099868774,0:1.646:0.721;150:0.626:0.726;300:0.247:0.735;450:0.079:0.743;600:0.032:0.745;750:0.014:0.745;900:0.008:0.744;1050:0.006:0.743;1200:0.005:0.742;1350:0.004:0.741;1500:0.004:0.740
8,0.9,lat,2,1.28167724609375,0.0038454656023532152,0.7205603122711182,0.7395949959754944,0.01903468370437622,300,0.9909859299659729,1.1969093084335327,0:1.282:0.721;150:0.596:0.725;300:0.170:0.739;450:0.029:0.746;600:0.008:0.745;750:0.005:0.745;900:0.005:0.743;1050:0.004:0.742;1200:0.004:0.741;1350:0.004:0.741;1500:0.004:0.740
8,0.9,lat,3,1.439378261566162,0.003513742471113801,0.7118500471115112,0.7395036220550537,0.02765357494354248,450,1.6022814512252808,1.2207562923431396,0:1.439:0.712;150:0.707:0.715;300:0.333:0.726;450:0.076:0.739;600:0.022:0.743;750:0.007:0.743;900:0.005:0.743;1050:0.004:0.742;1200:0.004:0.741;1350:0.004:0.740;1500:0.004:0.740
8,0.9,lat,4,1.5765639543533325,0.018598131835460663,0.7116084098815918,0.7339335083961487,0.022325098514556885,450,0.5438605546951294,1.3949049711227417,0:1.577:0.712;150:0.712:0.715;300:0.365:0.723;450:0.106:0.732;600:0.051:0.735;750:0.040:0.735;900:0.034:0.734;1050:0.029:0.734;1200:0.025:0.734;1350:0.022:0.734;1500:0.019:0.734
