n_over_m,sparsity,condition,seed,k_active,fvu_old
2,0.9,baseline,0,1,0.00516569335013628
2,0.9,baseline,0,2,0.04797615483403206
2,0.9,baseline,0,4,0.15025553107261658
2,0.9,baseline,0,8,0.395790159702301
2,0.9,baseline,0,16,1.4400080442428589
2,0.9,baseline,1,1,0.0002958521363325417
2,0.9,baseline,1,2,0.0318094864487648
2,0.9,baseline,1,4,0.10239572077989578
2,0.9,baseline,1,8,0.27469754219055176
2,0.9,baseline,1,16,1.0957729816436768
2,0.9,baseline,2,1,0.0003372145292814821
2,0.9,baseline,2,2,0.04029671847820282
2,0.9,baseline,2,4,0.08793353289365768
2,0.9,baseline,2,8,0.2746908664703369
2,0.9,baseline,2,16,1.090667724609375
2,0.9,baseline,3,1,0.005499561317265034
2,0.9,baseline,3,2,0.053474586457014084
2,0.9,baseline,3,4,0.14309349656105042
2,0.9,baseline,3,8,0.39424946904182434
2,0.9,baseline,3,16,1.5337495803833008
2,0.9,baseline,4,1,0.001972620142623782
2,0.9,baseline,4,2,0.04477468505501747
2,0.9,baseline,4,4,0.15552689135074615
2,0.9,baseline,4,8,0.3800922632217407
2,0.9,baseline,4,16,1.4341742992401123
2,0.9,input_at,0,1,5.992468231852399e-06
2,0.9,input_at,0,2,0.022431019693613052
2,0.9,input_at,0,4,0.09305483102798462
2,0.9,input_at,0,8,0.2812020182609558
2,0.9,input_at,0,16,1.0825119018554688
2,0.9,input_at,1,1,4.516401531873271e-06
2,0.9,input_at,1,2,0.02770118974149227
2,0.9,input_at,1,4,0.0982062965631485
2,0.9,input_at,1,8,0.2765931189060211
2,0.9,input_at,1,16,1.0743719339370728
2,0.9,input_at,2,1,5.799665814265609e-06
2,0.9,input_at,2,2,0.03131228685379028
2,0.9,input_at,2,4,0.08366157859563828
2,0.9,input_at,2,8,0.27655601501464844
2,0.9,input_at,2,16,1.0738742351531982
2,0.9,input_at,3,1,4.604705736710457e-06
2,0.9,input_at,3,2,0.034461986273527145
2,0.9,input_at,3,4,0.10128293186426163
2,0.9,input_at,3,8,0.2760012745857239
2,0.9,input_at,3,16,1.0843762159347534
2,0.9,input_at,4,1,4.693769824370975e-06
2,0.9,input_at,4,2,0.02855858765542507
2,0.9,input_at,4,4,0.10682176798582077
2,0.9,input_at,4,8,0.27222609519958496
2,0.9,input_at,4,16,1.1155344247817993
2,0.9,lat,0,1,5.398922439781018e-06
2,0.9,lat,0,2,0.025547921657562256
2,0.9,lat,0,4,0.09797806292772293
2,0.9,lat,0,8,0.28625622391700745
2,0.9,lat,0,16,1.1038188934326172
2,0.9,lat,1,1,7.1661252150079235e-06
2,0.9,lat,1,2,0.0288547296077013
2,0.9,lat,1,4,0.09924103319644928
2,0.9,lat,1,8,0.28817230463027954
2,0.9,lat,1,16,1.1163742542266846
2,0.9,lat,2,1,9.252263225789648e-06
2,0.9,lat,2,2,0.034226056188344955
2,0.9,lat,2,4,0.08891186118125916
2,0.9,lat,2,8,0.28051483631134033
2,0.9,lat,2,16,1.1251237392425537
2,0.9,lat,3,1,0.011735311709344387
2,0.9,lat,3,2,0.06675677746534348
2,0.9,lat,3,4,0.14422442018985748
2,0.9,lat,3,8,0.34903666377067566
2,0.9,lat,3,16,1.2652058601379395
2,0.9,lat,4,1,0.01671687886118889
2,0.9,lat,4,2,0.06524822860956192
2,0.9,lat,4,4,0.15823744237422943
2,0.9,lat,4,8,0.349438339471817
2,0.9,lat,4,16,1.2640149593353271
4,0.9,baseline,0,1,0.15658336877822876
4,0.9,baseline,0,2,0.2258390486240387
4,0.9,baseline,0,4,0.3552146255970001
4,0.9,baseline,0,8,0.5987134575843811
4,0.9,baseline,0,16,0.9109160900115967
4,0.9,baseline,1,1,0.14363738894462585
4,0.9,baseline,1,2,0.2030569463968277
4,0.9,baseline,1,4,0.3510107100009918
4,0.9,baseline,1,8,0.6099492907524109
4,0.9,baseline,1,16,0.9151930212974548
4,0.9,baseline,2,1,0.14226093888282776
4,0.9,baseline,2,2,0.19509898126125336
4,0.9,baseline,2,4,0.3450700640678406
4,0.9,baseline,2,8,0.5988097786903381
4,0.9,baseline,2,16,0.9205953478813171
4,0.9,baseline,3,1,0.15853780508041382
4,0.9,baseline,3,2,0.20630887150764465
4,0.9,baseline,3,4,0.35456129908561707
4,0.9,baseline,3,8,0.6048715114593506
4,0.9,baseline,3,16,0.9106485247612
4,0.9,baseline,4,1,0.14652790129184723
4,0.9,baseline,4,2,0.20287297666072845
4,0.9,baseline,4,4,0.3473140597343445
4,0.9,baseline,4,8,0.6032294631004333
4,0.9,baseline,4,16,0.9115114212036133
4,0.9,input_at,0,1,0.3475857973098755
4,0.9,input_at,0,2,0.3734840750694275
4,0.9,input_at,0,4,0.43218907713890076
4,0.9,input_at,0,8,0.5652451515197754
4,0.9,input_at,0,16,0.8121821284294128
4,0.9,input_at,1,1,0.30909115076065063
4,0.9,input_at,1,2,0.333223819732666
4,0.9,input_at,1,4,0.42748481035232544
4,0.9,input_at,1,8,0.5722549557685852
4,0.9,input_at,1,16,0.8119729161262512
4,0.9,input_at,2,1,0.29402393102645874
4,0.9,input_at,2,2,0.3440946340560913
4,0.9,input_at,2,4,0.42771992087364197
4,0.9,input_at,2,8,0.5610743761062622
4,0.9,input_at,2,16,0.8122418522834778
4,0.9,input_at,3,1,0.339535117149353
4,0.9,input_at,3,2,0.35822758078575134
4,0.9,input_at,3,4,0.4267790615558624
4,0.9,input_at,3,8,0.571880042552948
4,0.9,input_at,3,16,0.8022557497024536
4,0.9,input_at,4,1,0.32738760113716125
4,0.9,input_at,4,2,0.3546447157859802
4,0.9,input_at,4,4,0.42654141783714294
4,0.9,input_at,4,8,0.5763306021690369
4,0.9,input_at,4,16,0.8083274364471436
4,0.9,lat,0,1,0.1990046501159668
4,0.9,lat,0,2,0.2614682912826538
4,0.9,lat,0,4,0.37747642397880554
4,0.9,lat,0,8,0.5804409980773926
4,0.9,lat,0,16,0.85697340965271
4,0.9,lat,1,1,0.21118757128715515
4,0.9,lat,1,2,0.26004353165626526
4,0.9,lat,1,4,0.38020777702331543
4,0.9,lat,1,8,0.5818308591842651
4,0.9,lat,1,16,0.8510774970054626
4,0.9,lat,2,1,0.19638265669345856
4,0.9,lat,2,2,0.26117661595344543
4,0.9,lat,2,4,0.3802134692668915
4,0.9,lat,2,8,0.5735194683074951
4,0.9,lat,2,16,0.857027530670166
4,0.9,lat,3,1,0.22992204129695892
4,0.9,lat,3,2,0.2725153863430023
4,0.9,lat,3,4,0.3832384943962097
4,0.9,lat,3,8,0.5794087052345276
4,0.9,lat,3,16,0.8488267064094543
4,0.9,lat,4,1,0.2182619720697403
4,0.9,lat,4,2,0.25202926993370056
4,0.9,lat,4,4,0.3807312250137329
4,0.9,lat,4,8,0.5842177867889404
4,0.9,lat,4,16,0.8554115295410156
8,0.9,baseline,0,1,0.758253276348114
8,0.9,baseline,0,2,0.6444171667098999
8,0.9,baseline,0,4,0.6456957459449768
8,0.9,baseline,0,8,0.7088558673858643
8,0.9,baseline,0,16,0.8394290208816528
8,0.9,baseline,1,1,0.7619704008102417
8,0.9,baseline,1,2,0.6382185816764832
8,0.9,baseline,1,4,0.6454434394836426
8,0.9,baseline,1,8,0.7024368047714233
8,0.9,baseline,1,16,0.8405110239982605
8,0.9,baseline,2,1,0.7016381025314331
8,0.9,baseline,2,2,0.6678094863891602
8,0.9,baseline,2,4,0.6477103233337402
8,0.9,baseline,2,8,0.7022058367729187
8,0.9,baseline,2,16,0.8355368971824646
8,0.9,baseline,3,1,0.7627149224281311
8,0.9,baseline,3,2,0.6558672785758972
8,0.9,baseline,3,4,0.640625
8,0.9,baseline,3,8,0.7014997005462646
8,0.9,baseline,3,16,0.8336217403411865
8,0.9,baseline,4,1,0.8285602331161499
8,0.9,baseline,4,2,0.6893524527549744
8,0.9,baseline,4,4,0.6366330981254578
8,0.9,baseline,4,8,0.6943251490592957
8,0.9,baseline,4,16,0.828196108341217
8,0.9,input_at,0,1,0.812735378742218
8,0.9,input_at,0,2,0.7569470405578613
8,0.9,input_at,0,4,0.756367027759552
8,0.9,input_at,0,8,0.774432897567749
8,0.9,input_at,0,16,0.8048184514045715
8,0.9,input_at,1,1,0.9419420957565308
8,0.9,input_at,1,2,0.786279559135437
8,0.9,input_at,1,4,0.7637689113616943
8,0.9,input_at,1,8,0.7577428817749023
8,0.9,input_at,1,16,0.8181224465370178
8,0.9,input_at,2,1,0.7886983156204224
8,0.9,input_at,2,2,0.7778838872909546
8,0.9,input_at,2,4,0.7575789093971252
8,0.9,input_at,2,8,0.7684853076934814
8,0.9,input_at,2,16,0.8116172552108765
8,0.9,input_at,3,1,0.9871559143066406
8,0.9,input_at,3,2,0.8261833786964417
8,0.9,input_at,3,4,0.7744157314300537
8,0.9,input_at,3,8,0.7630727887153625
8,0.9,input_at,3,16,0.8158376812934875
8,0.9,input_at,4,1,1.0172779560089111
8,0.9,input_at,4,2,0.8315762281417847
8,0.9,input_at,4,4,0.7571789026260376
8,0.9,input_at,4,8,0.753679633140564
8,0.9,input_at,4,16,0.8102394938468933
8,0.9,lat,0,1,0.7923427224159241
8,0.9,lat,0,2,0.681831419467926
8,0.9,lat,0,4,0.6778605580329895
8,0.9,lat,0,8,0.7199433445930481
8,0.9,lat,0,16,0.826218843460083
8,0.9,lat,1,1,0.8196451663970947
8,0.9,lat,1,2,0.6799610257148743
8,0.9,lat,1,4,0.6864417195320129
8,0.9,lat,1,8,0.7171870470046997
8,0.9,lat,1,16,0.8197238445281982
8,0.9,lat,2,1,0.7469775676727295
8,0.9,lat,2,2,0.6980586051940918
8,0.9,lat,2,4,0.6755610704421997
8,0.9,lat,2,8,0.7180501222610474
8,0.9,lat,2,16,0.817969799041748
8,0.9,lat,3,1,0.8040984869003296
8,0.9,lat,3,2,0.6879622936248779
8,0.9,lat,3,4,0.6668310165405273
8,0.9,lat,3,8,0.7100805044174194
8,0.9,lat,3,16,0.8207279443740845
8,0.9,lat,4,1,0.8581833839416504
8,0.9,lat,4,2,0.7108513116836548
8,0.9,lat,4,4,0.6550188660621643
8,0.9,lat,4,8,0.7009972929954529
8,0.9,lat,4,16,0.8145655393600464
