n_over_m,sparsity,condition,seed,newfeat,grad_norm_init,fvu_new_end,fvu_old_start,fvu_old_end,forgetting,reach_traj,clean_traj
2,0.9,baseline,0,14,3.00974178314209,0.00014449676382355392,0.04272390902042389,0.05202440917491913,0.00930050015449524,0:0;25:0;50:0;75:0;100:1;150:1;250:1;400:1;700:1;1100:1;1500:1,0:0;25:0;50:0;75:0;100:1;150:1;250:1;400:1;700:1;1100:1;1500:1
2,0.9,baseline,0,15,0.9024324417114258,0.00016186173888854682,0.04340615123510361,0.05395974591374397,0.010553594678640366,0:0;25:0;50:0;75:1;100:1;150:1;250:1;400:1;700:1;1100:1;1500:1,0:0;25:0;50:0;75:1;100:1;150:1;250:1;400:1;700:1;1100:1;1500:1
2,0.9,baseline,0,16,0.15102103352546692,0.00013069053238723427,0.0396239273250103,0.04789477959275246,0.008270852267742157,0:0;25:0;50:0;75:0;100:0;150:1;250:1;400:1;700:1;1100:1;1500:1,0:0;25:0;50:0;75:0;100:0;150:1;250:1;400:1;700:1;1100:1;1500:1
2,0.9,baseline,0,17,25.442955017089844,0.0021850578486919403,0.04215919226408005,0.07842083275318146,0.03626164048910141,0:0;25:0;50:0;75:0;100:0;150:0;250:0;400:0;700:1;1100:1;1500:1,0:0;25:0;50:0;75:0;100:0;150:0;250:0;400:0;700:0;1100:1;1500:1
2,0.9,baseline,0,18,6.880009651184082,0.0003695143386721611,0.03653416782617569,0.057686176151037216,0.021152008324861526,0:0;25:0;50:0;75:0;100:0;150:0;250:1;400:1;700:1;1100:1;1500:1,0:0;25:0;50:0;75:0;100:0;150:0;250:1;400:1;700:1;1100:1;1500:1
2,0.9,baseline,0,19,0.4937555193901062,0.0001370890677208081,0.04232768341898918,0.049736734479665756,0.007409051060676575,0:0;25:0;50:0;75:0;100:1;150:1;250:1;400:1;700:1;1100:1;1500:1,0:0;25:0;50:0;75:0;100:0;150:1;250:1;400:1;700:1;1100:1;1500:1
2,0.9,baseline,1,14,4.832056522369385,0.00035650734207592905,0.03915770724415779,0.04959553852677345,0.010437831282615662,0:0;25:0;50:0;75:0;100:0;150:0;250:1;400:1;700:1;1100:1;1500:1,0:0;25:0;50:0;75:0;100:0;150:0;250:0;400:0;700:1;1100:1;1500:1
2,0.9,baseline,1,15,10.121870994567871,0.0011081901611760259,0.035678185522556305,0.06571818888187408,0.03004000335931778,0:0;25:0;50:0;75:0;100:0;150:0;250:1;400:1;700:1;1100:1;1500:1,0:0;25:0;50:0;75:0;100:0;150:0;250:0;400:0;700:0;1100:1;1500:1
2,0.9,baseline,1,16,3.9110732078552246,0.0006174215814098716,0.042359545826911926,0.053963057696819305,0.01160351186990738,0:0;25:0;50:0;75:0;100:0;150:1;250:1;400:1;700:1;1100:1;1500:1,0:0;25:0;50:0;75:0;100:0;150:1;250:1;400:1;700:1;1100:1;1500:1
2,0.9,baseline,1,17,4.313212871551514,0.0002834438637364656,0.040078721940517426,0.05074723809957504,0.010668516159057617,0:0;25:0;50:0;75:1;100:1;150:1;250:1;400:1;700:1;1100:1;1500:1,0:0;25:0;50:0;75:1;100:1;150:1;250:1;400:1;700:1;1100:1;1500:1
2,0.9,baseline,1,18,0.8758028149604797,0.00010097541235154495,0.041073594242334366,0.048699818551540375,0.007626224309206009,0:0;25:0;50:1;75:1;100:1;150:1;250:1;400:1;700:1;1100:1;1500:1,0:0;25:0;50:1;75:1;100:1;150:1;250:1;400:1;700:1;1100:1;1500:1
2,0.9,baseline,1,19,5.7987284660339355,0.0006716449279338121,0.036761198192834854,0.048689357936382294,0.01192815974354744,0:0;25:0;50:0;75:0;100:0;150:0;250:1;400:1;700:1;1100:1;1500:1,0:0;25:0;50:0;75:0;100:0;150:0;250:1;400:1;700:1;1100:1;1500:1
2,0.9,baseline,2,14,4.566925525665283,0.00018446988542564213,0.03399720788002014,0.04168810322880745,0.007690895348787308,0:0;25:0;50:1;75:1;100:1;150:1;250:1;400:1;700:1;1100:1;1500:1,0:0;25:0;50:1;75:1;100:1;150:1;250:1;400:1;700:1;1100:1;1500:1
2,0.9,baseline,2,15,6.150469779968262,0.0004842652415391058,0.027320461347699165,0.03794853016734123,0.010628068819642067,0:0;25:0;50:0;75:0;100:0;150:0;250:1;400:1;700:1;1100:1;1500:1,0:0;25:0;50:0;75:0;100:0;150:0;250:0;400:0;700:1;1100:1;1500:1
2,0.9,baseline,2,16,3.0999629497528076,5.75144040340092e-05,0.029549183323979378,0.03865239769220352,0.009103214368224144,0:0;25:0;50:0;75:0;100:0;150:1;250:1;400:1;700:1;1100:1;1500:1,0:0;25:0;50:0;75:0;100:0;150:1;250:1;400:1;700:1;1100:1;1500:1
2,0.9,baseline,2,17,0.6749672889709473,3.722852488863282e-05,0.03402754291892052,0.041271891444921494,0.0072443485260009766,0:0;25:0;50:0;75:0;100:1;150:1;250:1;400:1;700:1;1100:1;1500:1,0:0;25:0;50:0;75:0;100:1;150:1;250:1;400:1;700:1;1100:1;1500:1
2,0.9,baseline,2,18,0.8113851547241211,0.00010286874021403491,0.027531664818525314,0.0360061451792717,0.008474480360746384,0:0;25:0;50:1;75:1;100:1;150:1;250:1;400:1;700:1;1100:1;1500:1,0:0;25:0;50:1;75:1;100:1;150:1;250:1;400:1;700:1;1100:1;1500:1
2,0.9,baseline,2,19,0.7302126884460449,0.00014430502778850496,0.02825610153377056,0.03907347843050957,0.010817376896739006,0:0;25:0;50:0;75:1;100:1;150:1;250:1;400:1;700:1;1100:1;1500:1,0:0;25:0;50:0;75:1;100:1;150:1;250:1;400:1;700:1;1100:1;1500:1
2,0.9,baseline,3,14,0.5984770059585571,9.316155774286017e-05,0.03291874751448631,0.039759181439876556,0.0068404339253902435,0:0;25:0;50:0;75:1;100:1;150:1;250:1;400:1;700:1;1100:1;1500:1,0:0;25:0;50:0;75:1;100:1;150:1;250:1;400:1;700:1;1100:1;1500:1
2,0.9,baseline,3,15,0.22303669154644012,7.447582174791023e-05,0.029644111171364784,0.03835844621062279,0.008714335039258003,0:0;25:1;50:1;75:1;100:1;150:1;250:1;400:1;700:1;1100:1;1500:1,0:0;25:1;50:1;75:1;100:1;150:1;250:1;400:1;700:1;1100:1;1500:1
2,0.9,baseline,3,16,2.975130796432495,0.00011206471390323713,0.030073022469878197,0.03759092837572098,0.007517905905842781,0:0;25:0;50:0;75:0;100:1;150:1;250:1;400:1;700:1;1100:1;1500:1,0:0;25:0;50:0;75:0;100:1;150:1;250:1;400:1;700:1;1100:1;1500:1
2,0.9,baseline,3,17,0.08375602960586548,7.437645399477333e-05,0.032156407833099365,0.040071673691272736,0.00791526585817337,0:0;25:0;50:0;75:0;100:0;150:1;250:1;400:1;700:1;1100:1;1500:1,0:0;25:0;50:0;75:0;100:0;150:1;250:1;400:1;700:1;1100:1;1500:1
2,0.9,baseline,3,18,0.819462239742279,0.00010529439168749377,0.02843889221549034,0.045080557465553284,0.016641665250062943,0:0;25:0;50:0;75:1;100:1;150:1;250:1;400:1;700:1;1100:1;1500:1,0:0;25:0;50:0;75:1;100:1;150:1;250:1;400:1;700:1;1100:1;1500:1
2,0.9,baseline,3,19,0.6132668852806091,7.623425335623324e-05,0.03484668210148811,0.040908850729465485,0.006062168627977371,0:0;25:0;50:0;75:1;100:1;150:1;250:1;400:1;700:1;1100:1;1500:1,0:0;25:0;50:0;75:1;100:1;150:1;250:1;400:1;700:1;1100:1;1500:1
2,0.9,baseline,4,14,0.6567938923835754,0.0002999717544298619,0.03196181729435921,0.037828054279088974,0.005866236984729767,0:0;25:0;50:0;75:0;100:0;150:1;250:1;400:1;700:1;1100:1;1500:1,0:0;25:0;50:0;75:0;100:0;150:1;250:1;400:1;700:1;1100:1;1500:1
2,0.9,baseline,4,15,3.183154821395874,0.0005759568884968758,0.03572893142700195,0.046626441180706024,0.010897509753704071,0:0;25:0;50:0;75:1;100:1;150:1;250:1;400:1;700:1;1100:1;1500:1,0:0;25:0;50:0;75:1;100:1;150:1;250:1;400:1;700:1;1100:1;1500:1
2,0.9,baseline,4,16,9.348191261291504,0.0031258289236575365,0.03137591853737831,0.05234919488430023,0.02097327634692192,0:0;25:0;50:0;75:0;100:0;150:0;250:1;400:1;700:1;1100:1;1500:1,0:0;25:0;50:0;75:0;100:0;150:0;250:1;400:1;700:1;1100:1;1500:1
2,0.9,baseline,4,17,1.2207386493682861,0.0005712324636988342,0.03438062220811844,0.04780814051628113,0.01342751830816269,0:0;25:0;50:0;75:1;100:1;150:1;250:1;400:1;700:1;1100:1;1500:1,0:0;25:0;50:0;75:1;100:1;150:1;250:1;400:1;700:1;1100:1;1500:1
2,0.9,baseline,4,18,4.631500244140625,0.002406264189630747,0.028177088126540184,0.03864242136478424,0.010465333238244057,0:0;25:0;50:0;75:0;100:1;150:1;250:1;400:1;700:1;1100:1;1500:1,0:0;25:0;50:0;75:0;100:1;150:1;250:1;400:1;700:1;1100:1;1500:1
2,0.9,baseline,4,19,1.4848326444625854,0.0001604773133294657,0.034728989005088806,0.04001936689019203,0.005290377885103226,0:0;25:0;50:0;75:0;100:0;150:1;250:1;400:1;700:1;1100:1;1500:1,0:0;25:0;50:0;75:0;100:0;150:1;250:1;400:1;700:1;1100:1;1500:1
2,0.9,input_at,0,14,0.12059031426906586,0.0002180075243813917,0.04028354585170746,0.04618445411324501,0.005900908261537552,0:0;25:0;50:1;75:1;100:1;150:1;250:1;400:1;700:1;1100:1;1500:1,0:0;25:0;50:1;75:1;100:1;150:1;250:1;400:1;700:1;1100:1;1500:1
2,0.9,input_at,0,15,0.6009325385093689,0.00020676791609730572,0.03886471688747406,0.04706112667918205,0.008196409791707993,0:0;25:0;50:0;75:0;100:1;150:1;250:1;400:1;700:1;1100:1;1500:1,0:0;25:0;50:0;75:0;100:1;150:1;250:1;400:1;700:1;1100:1;1500:1
2,0.9,input_at,0,16,0.2410627007484436,0.00028281923732720315,0.03991401195526123,0.05013449862599373,0.010220486670732498,0:0;25:0;50:0;75:0;100:0;150:1;250:1;400:1;700:1;1100:1;1500:1,0:0;25:0;50:0;75:0;100:0;150:1;250:1;400:1;700:1;1100:1;1500:1
2,0.9,input_at,0,17,20.148250579833984,0.0015322633553296328,0.04079476371407509,0.06781961023807526,0.027024846524000168,0:0;25:0;50:0;75:0;100:0;150:0;250:0;400:0;700:1;1100:1;1500:1,0:0;25:0;50:0;75:0;100:0;150:0;250:0;400:0;700:0;1100:1;1500:1
2,0.9,input_at,0,18,6.154784202575684,0.0003418870619498193,0.04158255457878113,0.05211510881781578,0.010532554239034653,0:0;25:0;50:0;75:0;100:0;150:0;250:1;400:1;700:1;1100:1;1500:1,0:0;25:0;50:0;75:0;100:0;150:0;250:1;400:1;700:1;1100:1;1500:1
2,0.9,input_at,0,19,0.5343705415725708,0.00017175998073071241,0.03838985413312912,0.0472765751183033,0.008886720985174179,0:0;25:0;50:0;75:0;100:1;150:1;250:1;400:1;700:1;1100:1;1500:1,0:0;25:0;50:0;75:0;100:1;150:1;250:1;400:1;700:1;1100:1;1500:1
2,0.9,input_at,1,14,5.992816925048828,0.00013660662807524204,0.04210760444402695,0.051796574145555496,0.00968896970152855,0:0;25:0;50:0;75:0;100:0;150:1;250:1;400:1;700:1;1100:1;1500:1,0:0;25:0;50:0;75:0;100:0;150:1;250:1;400:1;700:1;1100:1;1500:1
2,0.9,input_at,1,15,9.846327781677246,0.001073730061762035,0.03457200527191162,0.04753667861223221,0.012964673340320587,0:0;25:0;50:0;75:0;100:0;150:1;250:1;400:1;700:1;1100:1;1500:1,0:0;25:0;50:0;75:0;100:0;150:1;250:0;400:1;700:1;1100:1;1500:1
2,0.9,input_at,1,16,5.634815216064453,0.0008973279036581516,0.03675790876150131,0.050870317965745926,0.014112409204244614,0:0;25:0;50:0;75:0;100:0;150:0;250:1;400:1;700:1;1100:1;1500:1,0:0;25:0;50:0;75:0;100:0;150:0;250:1;400:1;700:1;1100:1;1500:1
2,0.9,input_at,1,17,3.5739543437957764,0.0021221803035587072,0.037853967398405075,0.04944057762622833,0.011586610227823257,0:0;25:0;50:0;75:0;100:1;150:1;250:1;400:1;700:1;1100:1;1500:1,0:0;25:0;50:0;75:0;100:1;150:1;250:1;400:1;700:1;1100:1;1500:1
2,0.9,input_at,1,18,1.1495071649551392,0.000607979716733098,0.0369858555495739,0.046962298452854156,0.009976442903280258,0:0;25:0;50:1;75:1;100:1;150:1;250:1;400:1;700:1;1100:1;1500:1,0:0;25:0;50:1;75:1;100:1;150:1;250:1;400:1;700:1;1100:1;1500:1
2,0.9,input_at,1,19,6.576451301574707,0.0019533762242645025,0.03617977350950241,0.05185818672180176,0.015678413212299347,0:0;25:0;50:0;75:0;100:0;150:0;250:1;400:1;700:1;1100:1;1500:1,0:0;25:0;50:0;75:0;100:0;150:0;250:1;400:1;700:1;1100:1;1500:1
2,0.9,input_at,2,14,6.085330486297607,0.0003819811390712857,0.037537697702646255,0.04583585634827614,0.008298158645629883,0:0;25:0;50:0;75:0;100:1;150:1;250:1;400:1;700:1;1100:1;1500:1,0:0;25:0;50:0;75:0;100:1;150:1;250:1;400:1;700:1;1100:1;1500:1
2,0.9,input_at,2,15,6.505405426025391,0.0005389620782807469,0.03156585246324539,0.04533395171165466,0.013768099248409271,0:0;25:0;50:0;75:0;100:0;150:0;250:1;400:1;700:1;1100:1;1500:1,0:0;25:0;50:0;75:0;100:0;150:0;250:1;400:1;700:1;1100:1;1500:1
2,0.9,input_at,2,16,3.623396396636963,0.0002177878050133586,0.03024701587855816,0.042086467146873474,0.011839451268315315,0:0;25:0;50:0;75:0;100:0;150:1;250:1;400:1;700:1;1100:1;1500:1,0:0;25:0;50:0;75:0;100:0;150:1;250:1;400:1;700:1;1100:1;1500:1
2,0.9,input_at,2,17,0.9933646321296692,9.689700527815148e-05,0.036137308925390244,0.042825449258089066,0.006688140332698822,0:0;25:0;50:0;75:0;100:1;150:1;250:1;400:1;700:1;1100:1;1500:1,0:0;25:0;50:0;75:0;100:1;150:1;250:1;400:1;700:1;1100:1;1500:1
2,0.9,input_at,2,18,0.8416422605514526,3.7599445931846276e-05,0.02864793874323368,0.03809809684753418,0.009450158104300499,0:0;25:0;50:1;75:1;100:1;150:1;250:1;400:1;700:1;1100:1;1500:1,0:0;25:0;50:1;75:1;100:1;150:1;250:1;400:1;700:1;1100:1;1500:1
2,0.9,input_at,2,19,0.7413696050643921,0.00012630803394131362,0.02741069160401821,0.03813266381621361,0.010721972212195396,0:0;25:0;50:0;75:1;100:1;150:1;250:1;400:1;700:1;1100:1;1500:1,0:0;25:0;50:0;75:1;100:1;150:1;250:1;400:1;700:1;1100:1;1500:1
2,0.9,input_at,3,14,0.6674938797950745,0.00010066649701911956,0.037969958037137985,0.03972496837377548,0.001755010336637497,0:0;25:0;50:0;75:1;100:1;150:1;250:1;400:1;700:1;1100:1;1500:1,0:0;25:0;50:0;75:1;100:1;150:1;250:1;400:1;700:1;1100:1;1500:1
2,0.9,input_at,3,15,0.37095168232917786,0.0001223587605636567,0.03713298588991165,0.03845316171646118,0.00132017582654953,0:0;25:0;50:1;75:1;100:1;150:1;250:1;400:1;700:1;1100:1;1500:1,0:0;25:0;50:1;75:1;100:1;150:1;250:1;400:1;700:1;1100:1;1500:1
2,0.9,input_at,3,16,2.9884889125823975,0.0001160569372586906,0.037086620926856995,0.03770236298441887,0.0006157420575618744,0:0;25:0;50:0;75:0;100:0;150:1;250:1;400:1;700:1;1100:1;1500:1,0:0;25:0;50:0;75:0;100:0;150:1;250:1;400:1;700:1;1100:1;1500:1
2,0.9,input_at,3,17,0.0820080041885376,8.103658183244988e-05,0.03981076553463936,0.03898701071739197,-0.0008237548172473907,0:0;25:0;50:0;75:0;100:0;150:0;250:1;400:1;700:1;1100:1;1500:1,0:0;25:0;50:0;75:0;100:0;150:0;250:1;400:1;700:1;1100:1;1500:1
2,0.9,input_at,3,18,0.7299737930297852,0.00022349633218254894,0.034438420087099075,0.04084151238203049,0.006403092294931412,0:0;25:0;50:0;75:1;100:1;150:1;250:1;400:1;700:1;1100:1;1500:1,0:0;25:0;50:0;75:1;100:1;150:1;250:1;400:1;700:1;1100:1;1500:1
2,0.9,input_at,3,19,0.423554927110672,0.00011361621727701277,0.039902202785015106,0.04359472170472145,0.0036925189197063446,0:0;25:0;50:0;75:1;100:1;150:1;250:1;400:1;700:1;1100:1;1500:1,0:0;25:0;50:0;75:1;100:1;150:1;250:1;400:1;700:1;1100:1;1500:1
2,0.9,input_at,4,14,0.7919707894325256,0.00018153799464926124,0.037193551659584045,0.04579111933708191,0.008597567677497864,0:0;25:0;50:0;75:0;100:1;150:1;250:1;400:1;700:1;1100:1;1500:1,0:0;25:0;50:0;75:0;100:1;150:1;250:1;400:1;700:1;1100:1;1500:1
2,0.9,input_at,4,15,1.8122342824935913,7.250958879012614e-05,0.041195403784513474,0.050719425082206726,0.009524021297693253,0:0;25:0;50:1;75:1;100:1;150:1;250:1;400:1;700:1;1100:1;1500:1,0:0;25:0;50:1;75:1;100:1;150:1;250:1;400:1;700:1;1100:1;1500:1
2,0.9,input_at,4,16,8.633187294006348,0.0003535123832989484,0.03716029226779938,0.049741603434085846,0.012581311166286469,0:0;25:0;50:0;75:0;100:0;150:0;250:1;400:1;700:1;1100:1;1500:1,0:0;25:0;50:0;75:0;100:0;150:0;250:1;400:1;700:1;1100:1;1500:1
2,0.9,input_at,4,17,0.9941823482513428,0.00023169763153418899,0.035340260714292526,0.04334970563650131,0.008009444922208786,0:0;25:0;50:1;75:1;100:1;150:1;250:1;400:1;700:1;1100:1;1500:1,0:0;25:0;50:0;75:1;100:1;150:1;250:1;400:1;700:1;1100:1;1500:1
2,0.9,input_at,4,18,6.876353740692139,0.00024753998150117695,0.03686904534697533,0.044627320021390915,0.007758274674415588,0:0;25:0;50:0;75:0;100:0;150:1;250:1;400:1;700:1;1100:1;1500:1,0:0;25:0;50:0;75:0;100:0;150:1;250:1;400:1;700:1;1100:1;1500:1
2,0.9,input_at,4,19,0.9312994480133057,6.441248842747882e-05,0.03714334964752197,0.04339543357491493,0.00625208392739296,0:0;25:0;50:0;75:1;100:1;150:1;250:1;400:1;700:1;1100:1;1500:1,0:0;25:0;50:0;75:1;100:1;150:1;250:1;400:1;700:1;1100:1;1500:1
2,0.9,lat,0,14,0.1506468653678894,0.00020380249770823866,0.04005919024348259,0.04938697814941406,0.009327787905931473,0:0;25:0;50:0;75:0;100:0;150:1;250:1;400:1;700:1;1100:1;1500:1,0:0;25:0;50:0;75:0;100:0;150:1;250:1;400:1;700:1;1100:1;1500:1
2,0.9,lat,0,15,0.06845270097255707,0.0001238692202605307,0.03856118023395538,0.0470648929476738,0.008503712713718414,0:0;25:0;50:0;75:0;100:1;150:1;250:1;400:1;700:1;1100:1;1500:1,0:0;25:0;50:0;75:0;100:1;150:1;250:1;400:1;700:1;1100:1;1500:1
2,0.9,lat,0,16,0.050156835466623306,1.6076008081436157,0.039632637053728104,0.03956618160009384,-6.645545363426208e-05,0:0;25:0;50:0;75:0;100:0;150:0;250:0;400:0;700:0;1100:0;1500:0,0:0;25:0;50:0;75:0;100:0;150:0;250:0;400:0;700:0;1100:0;1500:0
2,0.9,lat,0,17,13.066089630126953,0.0003966590156778693,0.04057154059410095,0.057215701788663864,0.016644161194562912,0:0;25:0;50:0;75:0;100:0;150:0;250:0;400:1;700:1;1100:1;1500:1,0:0;25:0;50:0;75:0;100:0;150:0;250:0;400:0;700:1;1100:1;1500:1
2,0.9,lat,0,18,5.04706335067749,0.00018425453163217753,0.04136575385928154,0.056131646037101746,0.014765892177820206,0:0;25:0;50:0;75:0;100:0;150:0;250:1;400:1;700:1;1100:1;1500:1,0:0;25:0;50:0;75:0;100:0;150:0;250:1;400:1;700:1;1100:1;1500:1
2,0.9,lat,0,19,0.10957185178995132,1.5953950881958008,0.03786100447177887,0.03773529827594757,-0.00012570619583129883,0:0;25:0;50:0;75:0;100:0;150:0;250:0;400:0;700:0;1100:0;1500:0,0:0;25:0;50:0;75:0;100:0;150:0;250:0;400:0;700:0;1100:0;1500:0
2,0.9,lat,1,14,4.071789264678955,0.00045765776303596795,0.0411272756755352,0.05185541883111,0.010728143155574799,0:0;25:0;50:0;75:0;100:0;150:0;250:1;400:1;700:1;1100:1;1500:1,0:0;25:0;50:0;75:0;100:0;150:0;250:0;400:0;700:1;1100:1;1500:1
2,0.9,lat,1,15,7.625383377075195,0.002995009534060955,0.0344938300549984,0.048091474920511246,0.013597644865512848,0:0;25:0;50:0;75:0;100:0;150:0;250:1;400:1;700:1;1100:1;1500:1,0:0;25:0;50:0;75:0;100:0;150:0;250:1;400:1;700:1;1100:1;1500:1
2,0.9,lat,1,16,2.8994317054748535,0.0008125274325720966,0.03845982998609543,0.05579017847776413,0.0173303484916687,0:0;25:0;50:0;75:0;100:0;150:0;250:1;400:1;700:1;1100:1;1500:1,0:0;25:0;50:0;75:0;100:0;150:0;250:1;400:1;700:1;1100:1;1500:1
2,0.9,lat,1,17,3.318934202194214,0.000542404712177813,0.036969419568777084,0.04485616832971573,0.007886748760938644,0:0;25:0;50:0;75:0;100:0;150:1;250:1;400:1;700:1;1100:1;1500:1,0:0;25:0;50:0;75:0;100:0;150:1;250:1;400:1;700:1;1100:1;1500:1
2,0.9,lat,1,18,0.7084659934043884,0.001691227313131094,0.039227865636348724,0.049386121332645416,0.010158255696296692,0:0;25:0;50:0;75:0;100:1;150:1;250:1;400:1;700:1;1100:1;1500:1,0:0;25:0;50:0;75:0;100:1;150:1;250:1;400:1;700:1;1100:1;1500:1
2,0.9,lat,1,19,5.562833786010742,0.0011697651352733374,0.0349089615046978,0.054359499365091324,0.019450537860393524,0:0;25:0;50:0;75:0;100:0;150:0;250:1;400:1;700:1;1100:1;1500:1,0:0;25:0;50:0;75:0;100:0;150:0;250:1;400:1;700:1;1100:1;1500:1
2,0.9,lat,2,14,2.24507999420166,9.845002205111086e-05,0.037435125559568405,0.046519145369529724,0.009084019809961319,0:0;25:0;50:0;75:0;100:0;150:1;250:1;400:1;700:1;1100:1;1500:1,0:0;25:0;50:0;75:0;100:0;150:1;250:1;400:1;700:1;1100:1;1500:1
2,0.9,lat,2,15,2.945215940475464,0.00015132564294617623,0.031497593969106674,0.04206359386444092,0.010565999895334244,0:0;25:0;50:0;75:0;100:0;150:0;250:1;400:1;700:1;1100:1;1500:1,0:0;25:0;50:0;75:0;100:0;150:0;250:1;400:1;700:1;1100:1;1500:1
2,0.9,lat,2,16,1.161831259727478,5.8905916375806555e-05,0.030169690027832985,0.04007957503199577,0.009909885004162788,0:0;25:0;50:0;75:0;100:1;150:1;250:1;400:1;700:1;1100:1;1500:1,0:0;25:0;50:0;75:0;100:1;150:1;250:1;400:1;700:1;1100:1;1500:1
2,0.9,lat,2,17,0.18020354211330414,3.355102671775967e-05,0.0360771007835865,0.04948371648788452,0.01340661570429802,0:0;25:0;50:0;75:0;100:0;150:1;250:1;400:1;700:1;1100:1;1500:1,0:0;25:0;50:0;75:0;100:0;150:1;250:1;400:1;700:1;1100:1;1500:1
2,0.9,lat,2,18,0.9166029095649719,9.646255057305098e-05,0.028574073687195778,0.03789232671260834,0.00931825302541256,0:0;25:0;50:0;75:0;100:1;150:1;250:1;400:1;700:1;1100:1;1500:1,0:0;25:0;50:0;75:0;100:1;150:1;250:1;400:1;700:1;1100:1;1500:1
2,0.9,lat,2,19,0.44945377111434937,9.669021528679878e-05,0.02734161913394928,0.038004081696271896,0.010662462562322617,0:0;25:0;50:0;75:0;100:0;150:1;250:1;400:1;700:1;1100:1;1500:1,0:0;25:0;50:0;75:0;100:0;150:1;250:1;400:1;700:1;1100:1;1500:1
2,0.9,lat,3,14,0.07235190272331238,8.822545350994915e-05,0.0330219566822052,0.03998401388525963,0.006962057203054428,0:0;25:0;50:0;75:0;100:0;150:1;250:1;400:1;700:1;1100:1;1500:1,0:0;25:0;50:0;75:0;100:0;150:1;250:1;400:1;700:1;1100:1;1500:1
2,0.9,lat,3,15,0.9484023451805115,0.00011292963608866557,0.029749296605587006,0.038589585572481155,0.00884028896689415,0:0;25:0;50:0;75:1;100:1;150:1;250:1;400:1;700:1;1100:1;1500:1,0:0;25:0;50:0;75:1;100:1;150:1;250:1;400:1;700:1;1100:1;1500:1
2,0.9,lat,3,16,0.42121970653533936,4.775634442921728e-05,0.030125288292765617,0.03754312917590141,0.007417840883135796,0:0;25:0;50:0;75:0;100:1;150:1;250:1;400:1;700:1;1100:1;1500:1,0:0;25:0;50:0;75:0;100:1;150:1;250:1;400:1;700:1;1100:1;1500:1
2,0.9,lat,3,17,0.05126625671982765,4.0463208279106766e-05,0.032286178320646286,0.04219437018036842,0.009908191859722137,0:0;25:0;50:0;75:0;100:0;150:0;250:0;400:1;700:1;1100:1;1500:1,0:0;25:0;50:0;75:0;100:0;150:0;250:0;400:1;700:1;1100:1;1500:1
2,0.9,lat,3,18,0.05112168565392494,0.00015156815061345696,0.02851535938680172,0.04051520302891731,0.011999843642115593,0:0;25:0;50:0;75:0;100:0;150:1;250:1;400:1;700:1;1100:1;1500:1,0:0;25:0;50:0;75:0;100:0;150:1;250:1;400:1;700:1;1100:1;1500:1
2,0.9,lat,3,19,1.2134861946105957,8.145192259689793e-05,0.0349154993891716,0.04354085773229599,0.00862535834312439,0:0;25:0;50:0;75:0;100:0;150:1;250:1;400:1;700:1;1100:1;1500:1,0:0;25:0;50:0;75:0;100:0;150:1;250:1;400:1;700:1;1100:1;1500:1
2,0.9,lat,4,14,0.11989439278841019,0.00021815071522723883,0.03925793617963791,0.04599444940686226,0.00673651322722435,0:0;25:0;50:0;75:0;100:0;150:0;250:1;400:1;700:1;1100:1;1500:1,0:0;25:0;50:0;75:0;100:0;150:0;250:1;400:1;700:1;1100:1;1500:1
2,0.9,lat,4,15,0.8093718886375427,0.00016741450235713273,0.0453469343483448,0.05337029695510864,0.00802336260676384,0:0;25:0;50:0;75:0;100:1;150:1;250:1;400:1;700:1;1100:1;1500:1,0:0;25:0;50:0;75:0;100:1;150:1;250:1;400:1;700:1;1100:1;1500:1
2,0.9,lat,4,16,4.748852252960205,0.00011585823813220486,0.03614148125052452,0.04705118387937546,0.010909702628850937,0:0;25:0;50:0;75:0;100:0;150:0;250:0;400:1;700:1;1100:1;1500:1,0:0;25:0;50:0;75:0;100:0;150:0;250:0;400:0;700:1;1100:1;1500:1
2,0.9,lat,4,17,1.1256940364837646,7.115773769328371e-05,0.04159923270344734,0.05289250612258911,0.01129327341914177,0:0;25:0;50:0;75:0;100:0;150:1;250:1;400:1;700:1;1100:1;1500:1,0:0;25:0;50:0;75:0;100:0;150:0;250:0;400:1;700:1;1100:1;1500:1
2,0.9,lat,4,18,3.012817859649658,4.011595228803344e-05,0.03877517208456993,0.047925516963005066,0.009150344878435135,0:0;25:0;50:0;75:0;100:0;150:0;250:1;400:1;700:1;1100:1;1500:1,0:0;25:0;50:0;75:0;100:0;150:0;250:0;400:1;700:1;1100:1;1500:1
2,0.9,lat,4,19,1.3328708410263062,6.0661142924800515e-05,0.04256999120116234,0.0515144020318985,0.00894441083073616,0:0;25:0;50:0;75:0;100:0;150:0;250:1;400:1;700:1;1100:1;1500:1,0:0;25:0;50:0;75:0;100:0;150:0;250:0;400:1;700:1;1100:1;1500:1
4,0.9,baseline,0,34,5.236685752868652,0.007147901691496372,0.3201368749141693,0.3892885446548462,0.06915166974067688,0:0;25:0;50:0;75:0;100:0;150:0;250:0;400:1;700:1;1100:1;1500:1,0:0;25:0;50:0;75:0;100:0;150:0;250:0;400:0;700:0;1100:0;1500:0
4,0.9,baseline,0,35,2.230715036392212,0.004250484053045511,0.3116777241230011,0.37340080738067627,0.06172308325767517,0:0;25:0;50:0;75:0;100:0;150:0;250:0;400:1;700:1;1100:1;1500:1,0:0;25:0;50:0;75:0;100:0;150:0;250:0;400:0;700:0;1100:0;1500:0
4,0.9,baseline,0,36,20.81664276123047,0.014889255166053772,0.3054543435573578,0.37795424461364746,0.07249990105628967,0:0;25:0;50:0;75:0;100:0;150:0;250:0;400:0;700:0;1100:1;1500:1,0:0;25:0;50:0;75:0;100:0;150:0;250:0;400:0;700:0;1100:0;1500:0
4,0.9,baseline,0,37,0.18009793758392334,0.0037086994852870703,0.31787174940109253,0.3806312084197998,0.06275945901870728,0:0;25:0;50:0;75:0;100:0;150:0;250:0;400:1;700:1;1100:1;1500:1,0:0;25:0;50:0;75:0;100:0;150:0;250:0;400:0;700:0;1100:0;1500:0
4,0.9,baseline,0,38,1.2697514295578003,0.004708441440016031,0.31317588686943054,0.37257829308509827,0.059402406215667725,0:0;25:0;50:0;75:0;100:0;150:0;250:1;400:1;700:1;1100:1;1500:1,0:0;25:0;50:0;75:0;100:0;150:0;250:0;400:0;700:0;1100:0;1500:0
4,0.9,baseline,0,39,0.2980536222457886,0.052394799888134,0.3168606162071228,0.35863545536994934,0.04177483916282654,0:0;25:0;50:0;75:0;100:0;150:0;250:1;400:1;700:1;1100:1;1500:1,0:0;25:0;50:0;75:0;100:0;150:0;250:1;400:0;700:0;1100:1;1500:1
4,0.9,baseline,1,34,0.4987974464893341,0.006902056746184826,0.31887707114219666,0.3839908838272095,0.06511381268501282,0:0;25:0;50:0;75:0;100:0;150:0;250:1;400:1;700:1;1100:1;1500:1,0:0;25:0;50:0;75:0;100:0;150:0;250:0;400:0;700:0;1100:0;1500:0
4,0.9,baseline,1,35,1.016441822052002,0.05724435672163963,0.31085553765296936,0.3506350815296173,0.03977954387664795,0:0;25:0;50:0;75:0;100:0;150:0;250:0;400:1;700:1;1100:1;1500:1,0:0;25:0;50:0;75:0;100:0;150:0;250:0;400:0;700:0;1100:1;1500:1
4,0.9,baseline,1,36,20.7849178314209,0.008692247793078423,0.3109237849712372,0.38639363646507263,0.07546985149383545,0:0;25:0;50:0;75:0;100:0;150:0;250:0;400:0;700:0;1100:1;1500:1,0:0;25:0;50:0;75:0;100:0;150:0;250:0;400:0;700:0;1100:0;1500:0
4,0.9,baseline,1,37,0.2598530054092407,0.004455066751688719,0.31110042333602905,0.38070034980773926,0.0695999264717102,0:0;25:0;50:0;75:0;100:0;150:0;250:1;400:1;700:1;1100:1;1500:1,0:0;25:0;50:0;75:0;100:0;150:0;250:0;400:0;700:0;1100:0;1500:0
4,0.9,baseline,1,38,0.8849637508392334,0.006638768129050732,0.31466588377952576,0.3770599663257599,0.06239408254623413,0:0;25:0;50:0;75:0;100:0;150:0;250:1;400:1;700:1;1100:1;1500:1,0:0;25:0;50:0;75:0;100:0;150:0;250:0;400:0;700:0;1100:0;1500:0
4,0.9,baseline,1,39,0.15567685663700104,0.003568058367818594,0.31431588530540466,0.37589868903160095,0.06158280372619629,0:0;25:0;50:0;75:0;100:0;150:0;250:0;400:1;700:1;1100:1;1500:1,0:0;25:0;50:0;75:0;100:0;150:0;250:0;400:0;700:0;1100:0;1500:0
4,0.9,baseline,2,34,2.0725181102752686,0.005948633421212435,0.31535103917121887,0.3777919411659241,0.0624409019947052,0:0;25:0;50:0;75:0;100:0;150:0;250:1;400:1;700:1;1100:1;1500:1,0:0;25:0;50:0;75:0;100:0;150:0;250:0;400:0;700:0;1100:0;1500:0
4,0.9,baseline,2,35,12.959223747253418,0.003190424293279648,0.31711918115615845,0.3838181793689728,0.06669899821281433,0:0;25:0;50:0;75:0;100:0;150:0;250:0;400:0;700:1;1100:1;1500:1,0:0;25:0;50:0;75:0;100:0;150:0;250:0;400:0;700:0;1100:0;1500:0
4,0.9,baseline,2,36,0.9172252416610718,0.005092645063996315,0.3182216286659241,0.39037051796913147,0.0721488893032074,0:0;25:0;50:0;75:0;100:0;150:0;250:1;400:1;700:1;1100:1;1500:1,0:0;25:0;50:0;75:0;100:0;150:0;250:0;400:0;700:0;1100:0;1500:0
4,0.9,baseline,2,37,15.517626762390137,0.007002025377005339,0.31882932782173157,0.38829171657562256,0.06946238875389099,0:0;25:0;50:0;75:0;100:0;150:0;250:0;400:0;700:1;1100:1;1500:1,0:0;25:0;50:0;75:0;100:0;150:0;250:0;400:0;700:0;1100:0;1500:0
4,0.9,baseline,2,38,10.928678512573242,0.0022271673660725355,0.3159540891647339,0.38085049390792847,0.06489640474319458,0:0;25:0;50:0;75:0;100:0;150:0;250:0;400:0;700:0;1100:1;1500:1,0:0;25:0;50:0;75:0;100:0;150:0;250:0;400:0;700:0;1100:0;1500:0
4,0.9,baseline,2,39,8.617420196533203,0.004804797470569611,0.3134729564189911,0.38199689984321594,0.06852394342422485,0:0;25:0;50:0;75:0;100:0;150:0;250:0;400:0;700:1;1100:1;1500:1,0:0;25:0;50:0;75:0;100:0;150:0;250:0;400:0;700:0;1100:0;1500:0
4,0.9,baseline,3,34,0.5110363960266113,0.0024035752285271883,0.31880730390548706,0.38263338804244995,0.06382608413696289,0:0;25:0;50:0;75:0;100:0;150:0;250:0;400:1;700:1;1100:1;1500:1,0:0;25:0;50:0;75:0;100:0;150:0;250:0;400:0;700:0;1100:0;1500:0
4,0.9,baseline,3,35,0.8107659220695496,0.006329342722892761,0.31670597195625305,0.3845222592353821,0.06781628727912903,0:0;25:0;50:0;75:0;100:0;150:0;250:1;400:1;700:1;1100:1;1500:1,0:0;25:0;50:0;75:0;100:0;150:0;250:0;400:0;700:0;1100:0;1500:0
4,0.9,baseline,3,36,20.019807815551758,0.006177518982440233,0.31520116329193115,0.38657253980636597,0.07137137651443481,0:0;25:0;50:0;75:0;100:0;150:0;250:0;400:0;700:0;1100:1;1500:1,0:0;25:0;50:0;75:0;100:0;150:0;250:0;400:0;700:0;1100:0;1500:0
4,0.9,baseline,3,37,0.9309620261192322,0.005156529136002064,0.3159914016723633,0.38387531042099,0.06788390874862671,0:0;25:0;50:0;75:0;100:0;150:0;250:1;400:1;700:1;1100:1;1500:1,0:0;25:0;50:0;75:0;100:0;150:0;250:0;400:0;700:0;1100:0;1500:0
4,0.9,baseline,3,38,42.74284744262695,0.16080695390701294,0.3087385594844818,0.3857114911079407,0.07697293162345886,0:0;25:0;50:0;75:0;100:0;150:0;250:0;400:0;700:0;1100:0;1500:1,0:0;25:0;50:0;75:0;100:0;150:0;250:0;400:0;700:0;1100:0;1500:0
4,0.9,baseline,3,39,11.850178718566895,0.00563386594876647,0.3133239150047302,0.3803267776966095,0.06700286269187927,0:0;25:0;50:0;75:0;100:0;150:0;250:0;400:0;700:1;1100:1;1500:1,0:0;25:0;50:0;75:0;100:0;150:0;250:0;400:0;700:0;1100:0;1500:0
4,0.9,baseline,4,34,0.6791404485702515,0.00470939464867115,0.3118394911289215,0.3741218149662018,0.06228232383728027,0:0;25:0;50:0;75:0;100:0;150:0;250:1;400:1;700:1;1100:1;1500:1,0:0;25:0;50:0;75:0;100:0;150:0;250:0;400:0;700:0;1100:0;1500:0
4,0.9,baseline,4,35,1.1616547107696533,0.004618654027581215,0.31545260548591614,0.3793882131576538,0.06393560767173767,0:0;25:0;50:0;75:0;100:0;150:0;250:1;400:1;700:1;1100:1;1500:1,0:0;25:0;50:0;75:0;100:0;150:0;250:0;400:0;700:0;1100:0;1500:0
4,0.9,baseline,4,36,0.4669882357120514,0.003968851640820503,0.3112748861312866,0.3753053545951843,0.0640304684638977,0:0;25:0;50:0;75:0;100:0;150:0;250:1;400:1;700:1;1100:1;1500:1,0:0;25:0;50:0;75:0;100:0;150:0;250:0;400:0;700:0;1100:0;1500:0
4,0.9,baseline,4,37,11.294343948364258,0.005940718576312065,0.31135624647140503,0.3792181611061096,0.06786191463470459,0:0;25:0;50:0;75:0;100:0;150:0;250:0;400:0;700:1;1100:1;1500:1,0:0;25:0;50:0;75:0;100:0;150:0;250:0;400:0;700:0;1100:0;1500:0
4,0.9,baseline,4,38,0.4011084735393524,0.003872451838105917,0.31508761644363403,0.3812205493450165,0.06613293290138245,0:0;25:0;50:0;75:0;100:0;150:0;250:0;400:1;700:1;1100:1;1500:1,0:0;25:0;50:0;75:0;100:0;150:0;250:0;400:0;700:0;1100:0;1500:0
4,0.9,baseline,4,39,0.1803080439567566,0.022922616451978683,0.3195611834526062,0.3733600676059723,0.05379888415336609,0:0;25:0;50:0;75:0;100:0;150:0;250:1;400:1;700:1;1100:1;1500:1,0:0;25:0;50:0;75:0;100:0;150:0;250:1;400:0;700:0;1100:0;1500:0
4,0.9,input_at,0,34,4.213800430297852,0.006279109511524439,0.3711054027080536,0.3996705412864685,0.028565138578414917,0:0;25:0;50:0;75:0;100:0;150:0;250:1;400:1;700:1;1100:1;1500:1,0:0;25:0;50:0;75:0;100:0;150:0;250:1;400:1;700:1;1100:1;1500:1
4,0.9,input_at,0,35,1.4621070623397827,0.003230320056900382,0.36355510354042053,0.3863941431045532,0.02283903956413269,0:0;25:0;50:0;75:0;100:0;150:0;250:1;400:1;700:1;1100:1;1500:1,0:0;25:0;50:0;75:0;100:0;150:0;250:1;400:1;700:1;1100:1;1500:1
4,0.9,input_at,0,36,14.625714302062988,0.007820652797818184,0.35879576206207275,0.3910364508628845,0.03224068880081177,0:0;25:0;50:0;75:0;100:0;150:0;250:0;400:0;700:1;1100:1;1500:1,0:0;25:0;50:0;75:0;100:0;150:0;250:0;400:0;700:1;1100:1;1500:1
4,0.9,input_at,0,37,0.1959654837846756,0.0029967527370899916,0.3709823489189148,0.3978378474712372,0.026855498552322388,0:0;25:0;50:0;75:0;100:0;150:0;250:1;400:1;700:1;1100:1;1500:1,0:0;25:0;50:0;75:0;100:0;150:0;250:1;400:1;700:1;1100:1;1500:1
4,0.9,input_at,0,38,1.3020988702774048,0.003906314726918936,0.359666645526886,0.3858012557029724,0.026134610176086426,0:0;25:0;50:0;75:0;100:0;150:0;250:1;400:1;700:1;1100:1;1500:1,0:0;25:0;50:0;75:0;100:0;150:0;250:1;400:1;700:1;1100:1;1500:1
4,0.9,input_at,0,39,0.2910323441028595,0.0026195424143224955,0.3684990406036377,0.39432859420776367,0.025829553604125977,0:0;25:0;50:0;75:0;100:0;150:0;250:1;400:1;700:1;1100:1;1500:1,0:0;25:0;50:0;75:0;100:0;150:0;250:1;400:1;700:1;1100:1;1500:1
4,0.9,input_at,1,34,0.11310990899801254,0.004904061555862427,0.37381109595298767,0.39922896027565,0.025417864322662354,0:0;25:0;50:0;75:0;100:0;150:1;250:1;400:1;700:1;1100:1;1500:1,0:0;25:0;50:0;75:0;100:0;150:1;250:1;400:1;700:1;1100:1;1500:1
4,0.9,input_at,1,35,1.0738635063171387,0.0036175437271595,0.369395911693573,0.3939235210418701,0.02452760934829712,0:0;25:0;50:0;75:0;100:0;150:0;250:1;400:1;700:1;1100:1;1500:1,0:0;25:0;50:0;75:0;100:0;150:0;250:1;400:1;700:1;1100:1;1500:1
4,0.9,input_at,1,36,16.424392700195312,0.005366646684706211,0.3741855025291443,0.4102898836135864,0.03610438108444214,0:0;25:0;50:0;75:0;100:0;150:0;250:0;400:0;700:1;1100:1;1500:1,0:0;25:0;50:0;75:0;100:0;150:0;250:0;400:0;700:1;1100:1;1500:1
4,0.9,input_at,1,37,0.26061561703681946,0.003558343043550849,0.3747842013835907,0.39590656757354736,0.021122366189956665,0:0;25:0;50:0;75:0;100:0;150:0;250:1;400:1;700:1;1100:1;1500:1,0:0;25:0;50:0;75:0;100:0;150:0;250:1;400:1;700:1;1100:1;1500:1
4,0.9,input_at,1,38,0.1773023009300232,0.004867563955485821,0.37409111857414246,0.39563655853271484,0.021545439958572388,0:0;25:0;50:0;75:0;100:0;150:0;250:1;400:1;700:1;1100:1;1500:1,0:0;25:0;50:0;75:0;100:0;150:0;250:1;400:1;700:1;1100:1;1500:1
4,0.9,input_at,1,39,0.15333524346351624,0.0028709678445011377,0.3719305098056793,0.39829006791114807,0.02635955810546875,0:0;25:0;50:0;75:0;100:0;150:0;250:0;400:1;700:1;1100:1;1500:1,0:0;25:0;50:0;75:0;100:0;150:0;250:0;400:1;700:1;1100:1;1500:1
4,0.9,input_at,2,34,1.0665148496627808,0.005018856376409531,0.360495001077652,0.3829708695411682,0.022475868463516235,0:0;25:0;50:0;75:0;100:0;150:1;250:1;400:1;700:1;1100:1;1500:1,0:0;25:0;50:0;75:0;100:0;150:1;250:1;400:1;700:1;1100:1;1500:1
4,0.9,input_at,2,35,10.911279678344727,0.003676600754261017,0.3558889627456665,0.38638216257095337,0.030493199825286865,0:0;25:0;50:0;75:0;100:0;150:0;250:0;400:0;700:1;1100:1;1500:1,0:0;25:0;50:0;75:0;100:0;150:0;250:0;400:0;700:1;1100:1;1500:1
4,0.9,input_at,2,36,0.9171614050865173,0.005238489713519812,0.3604086637496948,0.3859417140483856,0.025533050298690796,0:0;25:0;50:0;75:0;100:0;150:0;250:1;400:1;700:1;1100:1;1500:1,0:0;25:0;50:0;75:0;100:0;150:0;250:1;400:1;700:1;1100:1;1500:1
4,0.9,input_at,2,37,12.524066925048828,0.005906249862164259,0.36377501487731934,0.3921045958995819,0.028329581022262573,0:0;25:0;50:0;75:0;100:0;150:0;250:0;400:0;700:1;1100:1;1500:1,0:0;25:0;50:0;75:0;100:0;150:0;250:0;400:0;700:1;1100:1;1500:1
4,0.9,input_at,2,38,9.098928451538086,0.0026431698352098465,0.3641048073768616,0.3961484134197235,0.03204360604286194,0:0;25:0;50:0;75:0;100:0;150:0;250:0;400:0;700:1;1100:1;1500:1,0:0;25:0;50:0;75:0;100:0;150:0;250:0;400:0;700:1;1100:1;1500:1
4,0.9,input_at,2,39,6.78788423538208,0.004692629911005497,0.36170125007629395,0.3868367075920105,0.025135457515716553,0:0;25:0;50:0;75:0;100:0;150:0;250:0;400:1;700:1;1100:1;1500:1,0:0;25:0;50:0;75:0;100:0;150:0;250:0;400:1;700:1;1100:1;1500:1
4,0.9,input_at,3,34,0.40275296568870544,0.003204325446859002,0.3550427258014679,0.37606173753738403,0.021019011735916138,0:0;25:0;50:0;75:0;100:0;150:0;250:1;400:1;700:1;1100:1;1500:1,0:0;25:0;50:0;75:0;100:0;150:0;250:1;400:1;700:1;1100:1;1500:1
4,0.9,input_at,3,35,0.880529522895813,0.006232506595551968,0.3559083342552185,0.38316094875335693,0.027252614498138428,0:0;25:0;50:0;75:0;100:0;150:0;250:1;400:1;700:1;1100:1;1500:1,0:0;25:0;50:0;75:0;100:0;150:0;250:1;400:1;700:1;1100:1;1500:1
4,0.9,input_at,3,36,16.7424373626709,0.006706274580210447,0.3547973334789276,0.3874916136264801,0.03269428014755249,0:0;25:0;50:0;75:0;100:0;150:0;250:0;400:0;700:1;1100:1;1500:1,0:0;25:0;50:0;75:0;100:0;150:0;250:0;400:0;700:1;1100:1;1500:1
4,0.9,input_at,3,37,0.9452342987060547,0.005362209863960743,0.3596188426017761,0.38762328028678894,0.028004437685012817,0:0;25:0;50:0;75:0;100:0;150:0;250:1;400:1;700:1;1100:1;1500:1,0:0;25:0;50:0;75:0;100:0;150:0;250:1;400:1;700:1;1100:1;1500:1
4,0.9,input_at,3,38,37.06820297241211,0.06740611791610718,0.36055997014045715,0.42178836464881897,0.061228394508361816,0:0;25:0;50:0;75:0;100:0;150:0;250:0;400:0;700:0;1100:1;1500:1,0:0;25:0;50:0;75:0;100:0;150:0;250:0;400:0;700:0;1100:0;1500:0
4,0.9,input_at,3,39,9.650134086608887,0.006057691760361195,0.3579888343811035,0.38200438022613525,0.02401554584503174,0:0;25:0;50:0;75:0;100:0;150:0;250:0;400:0;700:1;1100:1;1500:1,0:0;25:0;50:0;75:0;100:0;150:0;250:0;400:0;700:1;1100:1;1500:1
4,0.9,input_at,4,34,0.8222095966339111,0.003760547609999776,0.3604552447795868,0.3885805010795593,0.028125256299972534,0:0;25:0;50:0;75:0;100:0;150:0;250:1;400:1;700:1;1100:1;1500:1,0:0;25:0;50:0;75:0;100:0;150:0;250:1;400:1;700:1;1100:1;1500:1
4,0.9,input_at,4,35,0.9388768672943115,0.005145051516592503,0.36187827587127686,0.39171603322029114,0.029837757349014282,0:0;25:0;50:0;75:0;100:0;150:0;250:1;400:1;700:1;1100:1;1500:1,0:0;25:0;50:0;75:0;100:0;150:0;250:1;400:1;700:1;1100:1;1500:1
4,0.9,input_at,4,36,0.539011538028717,0.0031054620631039143,0.3546367585659027,0.3833380341529846,0.02870127558708191,0:0;25:0;50:0;75:0;100:0;150:0;250:1;400:1;700:1;1100:1;1500:1,0:0;25:0;50:0;75:0;100:0;150:0;250:1;400:1;700:1;1100:1;1500:1
4,0.9,input_at,4,37,9.268691062927246,0.005407795310020447,0.35568511486053467,0.384881854057312,0.029196739196777344,0:0;25:0;50:0;75:0;100:0;150:0;250:0;400:0;700:1;1100:1;1500:1,0:0;25:0;50:0;75:0;100:0;150:0;250:0;400:0;700:1;1100:1;1500:1
4,0.9,input_at,4,38,0.3755606710910797,0.0030929420609027147,0.3614344298839569,0.38969653844833374,0.02826210856437683,0:0;25:0;50:0;75:0;100:0;150:0;250:0;400:1;700:1;1100:1;1500:1,0:0;25:0;50:0;75:0;100:0;150:0;250:0;400:1;700:1;1100:1;1500:1
4,0.9,input_at,4,39,0.3488765358924866,0.004711903631687164,0.36673054099082947,0.39464858174324036,0.02791804075241089,0:0;25:0;50:0;75:0;100:0;150:0;250:1;400:1;700:1;1100:1;1500:1,0:0;25:0;50:0;75:0;100:0;150:0;250:1;400:1;700:1;1100:1;1500:1
4,0.9,lat,0,34,0.1168733686208725,0.006986320950090885,0.3348046541213989,0.38834694027900696,0.05354228615760803,0:0;25:0;50:0;75:0;100:0;150:0;250:0;400:1;700:1;1100:1;1500:1,0:0;25:0;50:0;75:0;100:0;150:0;250:0;400:0;700:0;1100:0;1500:0
4,0.9,lat,0,35,0.20449697971343994,0.003553926944732666,0.32410433888435364,0.3769304156303406,0.05282607674598694,0:0;25:0;50:0;75:0;100:0;150:0;250:0;400:1;700:1;1100:1;1500:1,0:0;25:0;50:0;75:0;100:0;150:0;250:0;400:0;700:0;1100:0;1500:0
4,0.9,lat,0,36,2.555899143218994,0.004537185188382864,0.3214508295059204,0.3766177296638489,0.05516690015792847,0:0;25:0;50:0;75:0;100:0;150:0;250:0;400:0;700:1;1100:1;1500:1,0:0;25:0;50:0;75:0;100:0;150:0;250:0;400:0;700:0;1100:0;1500:0
4,0.9,lat,0,37,0.04307512566447258,0.003026101505383849,0.3306789994239807,0.37916722893714905,0.048488229513168335,0:0;25:0;50:0;75:0;100:0;150:0;250:0;400:0;700:1;1100:1;1500:1,0:0;25:0;50:0;75:0;100:0;150:0;250:0;400:0;700:0;1100:0;1500:1
4,0.9,lat,0,38,0.39117997884750366,0.0036481674760580063,0.3272029161453247,0.3809052109718323,0.05370229482650757,0:0;25:0;50:0;75:0;100:0;150:0;250:0;400:1;700:1;1100:1;1500:1,0:0;25:0;50:0;75:0;100:0;150:0;250:0;400:1;700:0;1100:0;1500:0
4,0.9,lat,0,39,0.06271370500326157,0.0025856918655335903,0.330931156873703,0.38661980628967285,0.05568864941596985,0:0;25:0;50:0;75:0;100:0;150:0;250:0;400:1;700:1;1100:1;1500:1,0:0;25:0;50:0;75:0;100:0;150:0;250:0;400:1;700:0;1100:0;1500:0
4,0.9,lat,1,34,0.5835700035095215,0.005036219488829374,0.3331402540206909,0.38668614625930786,0.05354589223861694,0:0;25:0;50:0;75:0;100:0;150:0;250:0;400:1;700:1;1100:1;1500:1,0:0;25:0;50:0;75:0;100:0;150:0;250:0;400:0;700:0;1100:0;1500:0
4,0.9,lat,1,35,0.34532544016838074,0.04140780493617058,0.32253900170326233,0.3705276846885681,0.047988682985305786,0:0;25:0;50:0;75:0;100:0;150:0;250:0;400:0;700:1;1100:1;1500:1,0:0;25:0;50:0;75:0;100:0;150:0;250:0;400:0;700:0;1100:0;1500:1
4,0.9,lat,1,36,2.5950052738189697,0.003329133614897728,0.32612496614456177,0.3813857138156891,0.05526074767112732,0:0;25:0;50:0;75:0;100:0;150:0;250:0;400:0;700:1;1100:1;1500:1,0:0;25:0;50:0;75:0;100:0;150:0;250:0;400:0;700:0;1100:0;1500:0
4,0.9,lat,1,37,0.06716134399175644,0.05238701403141022,0.32605236768722534,0.35667482018470764,0.0306224524974823,0:0;25:0;50:0;75:0;100:0;150:0;250:0;400:1;700:1;1100:1;1500:1,0:0;25:0;50:0;75:0;100:0;150:0;250:0;400:1;700:1;1100:1;1500:1
4,0.9,lat,1,38,0.4372284710407257,0.005609868094325066,0.3290407359600067,0.3776695430278778,0.048628807067871094,0:0;25:0;50:0;75:0;100:0;150:0;250:0;400:1;700:1;1100:1;1500:1,0:0;25:0;50:0;75:0;100:0;150:0;250:0;400:1;700:0;1100:0;1500:1
4,0.9,lat,1,39,0.03281440958380699,0.0021658800542354584,0.3271748423576355,0.3859371542930603,0.058762311935424805,0:0;25:0;50:0;75:0;100:0;150:0;250:0;400:0;700:1;1100:1;1500:1,0:0;25:0;50:0;75:0;100:0;150:0;250:0;400:0;700:0;1100:0;1500:0
4,0.9,lat,2,34,0.602874755859375,0.004360730294138193,0.3338097631931305,0.39008063077926636,0.056270867586135864,0:0;25:0;50:0;75:0;100:0;150:0;250:0;400:1;700:1;1100:1;1500:1,0:0;25:0;50:0;75:0;100:0;150:0;250:0;400:0;700:0;1100:0;1500:0
4,0.9,lat,2,35,1.261805534362793,0.0026275322306901217,0.3299561142921448,0.3871227204799652,0.057166606187820435,0:0;25:0;50:0;75:0;100:0;150:0;250:0;400:0;700:1;1100:1;1500:1,0:0;25:0;50:0;75:0;100:0;150:0;250:0;400:0;700:0;1100:0;1500:0
4,0.9,lat,2,36,0.24533340334892273,0.0036317382473498583,0.33256837725639343,0.3958328068256378,0.06326442956924438,0:0;25:0;50:0;75:0;100:0;150:0;250:0;400:1;700:1;1100:1;1500:1,0:0;25:0;50:0;75:0;100:0;150:0;250:0;400:0;700:0;1100:0;1500:0
4,0.9,lat,2,37,1.5672017335891724,0.0038341879844665527,0.33403918147087097,0.38597995042800903,0.05194076895713806,0:0;25:0;50:0;75:0;100:0;150:0;250:0;400:1;700:1;1100:1;1500:1,0:0;25:0;50:0;75:0;100:0;150:0;250:0;400:1;700:0;1100:0;1500:0
4,0.9,lat,2,38,0.7962992191314697,0.0025898271705955267,0.32986024022102356,0.3870543837547302,0.057194143533706665,0:0;25:0;50:0;75:0;100:0;150:0;250:0;400:0;700:1;1100:1;1500:1,0:0;25:0;50:0;75:0;100:0;150:0;250:0;400:0;700:0;1100:0;1500:0
4,0.9,lat,2,39,0.33094990253448486,0.003431829623878002,0.33180561661720276,0.3912314772605896,0.05942586064338684,0:0;25:0;50:0;75:0;100:0;150:0;250:0;400:1;700:1;1100:1;1500:1,0:0;25:0;50:0;75:0;100:0;150:0;250:0;400:0;700:0;1100:0;1500:0
4,0.9,lat,3,34,0.08456344157457352,0.0023925649002194405,0.33160996437072754,0.3824968636035919,0.05088689923286438,0:0;25:0;50:0;75:0;100:0;150:0;250:0;400:0;700:1;1100:1;1500:1,0:0;25:0;50:0;75:0;100:0;150:0;250:0;400:0;700:0;1100:0;1500:0
4,0.9,lat,3,35,0.7030271887779236,0.005142617970705032,0.3299347758293152,0.3930083215236664,0.0630735456943512,0:0;25:0;50:0;75:0;100:0;150:0;250:0;400:1;700:1;1100:1;1500:1,0:0;25:0;50:0;75:0;100:0;150:0;250:0;400:0;700:0;1100:0;1500:0
4,0.9,lat,3,36,2.7458505630493164,0.003411978017538786,0.32773950695991516,0.3876432180404663,0.05990371108055115,0:0;25:0;50:0;75:0;100:0;150:0;250:0;400:0;700:1;1100:1;1500:1,0:0;25:0;50:0;75:0;100:0;150:0;250:0;400:0;700:0;1100:0;1500:0
4,0.9,lat,3,37,0.5008158087730408,0.004243131726980209,0.3319624066352844,0.3855021893978119,0.053539782762527466,0:0;25:0;50:0;75:0;100:0;150:0;250:0;400:1;700:1;1100:1;1500:1,0:0;25:0;50:0;75:0;100:0;150:0;250:0;400:0;700:0;1100:0;1500:0
4,0.9,lat,3,38,6.5431952476501465,0.004940672777593136,0.3287864327430725,0.38723239302635193,0.05844596028327942,0:0;25:0;50:0;75:0;100:0;150:0;250:0;400:0;700:1;1100:1;1500:1,0:0;25:0;50:0;75:0;100:0;150:0;250:0;400:0;700:0;1100:0;1500:0
4,0.9,lat,3,39,1.754246473312378,0.015471306629478931,0.33081430196762085,0.3805113136768341,0.04969701170921326,0:0;25:0;50:0;75:0;100:0;150:0;250:0;400:1;700:1;1100:1;1500:1,0:0;25:0;50:0;75:0;100:0;150:0;250:0;400:1;700:0;1100:0;1500:1
4,0.9,lat,4,34,0.7917001843452454,0.002915642224252224,0.32403963804244995,0.38130515813827515,0.057265520095825195,0:0;25:0;50:0;75:0;100:0;150:0;250:0;400:0;700:1;1100:1;1500:1,0:0;25:0;50:0;75:0;100:0;150:0;250:0;400:0;700:0;1100:0;1500:0
4,0.9,lat,4,35,0.5970576405525208,0.0034055651631206274,0.3248854875564575,0.3809508979320526,0.05606541037559509,0:0;25:0;50:0;75:0;100:0;150:0;250:0;400:1;700:1;1100:1;1500:1,0:0;25:0;50:0;75:0;100:0;150:0;250:0;400:0;700:0;1100:0;1500:0
4,0.9,lat,4,36,0.07367058843374252,0.00323179317638278,0.32355502247810364,0.38851606845855713,0.06496104598045349,0:0;25:0;50:0;75:0;100:0;150:0;250:0;400:0;700:1;1100:1;1500:1,0:0;25:0;50:0;75:0;100:0;150:0;250:0;400:0;700:0;1100:0;1500:0
4,0.9,lat,4,37,0.6819382309913635,0.00950161274522543,0.3218953311443329,0.3824385702610016,0.0605432391166687,0:0;25:0;50:0;75:0;100:0;150:0;250:0;400:1;700:1;1100:1;1500:1,0:0;25:0;50:0;75:0;100:0;150:0;250:0;400:1;700:0;1100:0;1500:0
4,0.9,lat,4,38,0.12988059222698212,0.00232107425108552,0.32693079113960266,0.39219778776168823,0.06526699662208557,0:0;25:0;50:0;75:0;100:0;150:0;250:0;400:0;700:1;1100:1;1500:1,0:0;25:0;50:0;75:0;100:0;150:0;250:0;400:0;700:0;1100:0;1500:0
4,0.9,lat,4,39,0.7821834683418274,0.002952266251668334,0.3333209156990051,0.38674136996269226,0.053420454263687134,0:0;25:0;50:0;75:0;100:0;150:0;250:0;400:0;700:1;1100:1;1500:1,0:0;25:0;50:0;75:0;100:0;150:0;250:0;400:0;700:0;1100:0;1500:0
8,0.9,baseline,0,74,2.320695161819458,0.005609703250229359,0.692265510559082,0.7218852043151855,0.029619693756103516,0:0;25:0;50:0;75:0;100:0;150:0;250:0;400:1;700:1;1100:1;1500:1,0:0;25:0;50:0;75:0;100:0;150:0;250:0;400:1;700:1;1100:1;1500:1
8,0.9,baseline,0,75,0.6754966378211975,0.005242631305009127,0.6900743842124939,0.7174603939056396,0.027386009693145752,0:0;25:0;50:0;75:0;100:0;150:0;250:1;400:1;700:1;1100:1;1500:1,0:0;25:0;50:0;75:0;100:0;150:0;250:1;400:1;700:1;1100:1;1500:1
8,0.9,baseline,0,76,2.1433591842651367,0.00603104755282402,0.6931085586547852,0.7199918031692505,0.026883244514465332,0:0;25:0;50:0;75:0;100:0;150:0;250:0;400:1;700:1;1100:1;1500:1,0:0;25:0;50:0;75:0;100:0;150:0;250:0;400:1;700:1;1100:1;1500:1
8,0.9,baseline,0,77,0.8770397901535034,0.0077225686982274055,0.6942645907402039,0.7209286093711853,0.026664018630981445,0:0;25:0;50:0;75:0;100:0;150:0;250:1;400:1;700:1;1100:1;1500:1,0:0;25:0;50:0;75:0;100:0;150:0;250:1;400:1;700:1;1100:1;1500:1
8,0.9,baseline,0,78,0.5606744885444641,0.006735298782587051,0.6902158856391907,0.7192226648330688,0.029006779193878174,0:0;25:0;50:0;75:0;100:0;150:0;250:1;400:1;700:1;1100:1;1500:1,0:0;25:0;50:0;75:0;100:0;150:0;250:1;400:1;700:1;1100:1;1500:1
8,0.9,baseline,0,79,0.40199294686317444,0.008263429626822472,0.6916840076446533,0.7225001454353333,0.03081613779067993,0:0;25:0;50:0;75:0;100:0;150:0;250:1;400:1;700:1;1100:1;1500:1,0:0;25:0;50:0;75:0;100:0;150:0;250:1;400:1;700:1;1100:1;1500:1
8,0.9,baseline,1,74,15.953594207763672,0.008741139434278011,0.6892184615135193,0.7288639545440674,0.039645493030548096,0:0;25:0;50:0;75:0;100:0;150:0;250:0;400:0;700:1;1100:1;1500:1,0:0;25:0;50:0;75:0;100:0;150:0;250:0;400:0;700:1;1100:1;1500:1
8,0.9,baseline,1,75,0.5241734981536865,0.005457986146211624,0.6908925175666809,0.7232934832572937,0.03240096569061279,0:0;25:0;50:0;75:0;100:0;150:0;250:0;400:1;700:1;1100:1;1500:1,0:0;25:0;50:0;75:0;100:0;150:0;250:0;400:1;700:1;1100:1;1500:1
8,0.9,baseline,1,76,0.6738170385360718,0.0066913580521941185,0.6875391602516174,0.7192448377609253,0.03170567750930786,0:0;25:0;50:0;75:0;100:0;150:0;250:0;400:1;700:1;1100:1;1500:1,0:0;25:0;50:0;75:0;100:0;150:0;250:0;400:1;700:1;1100:1;1500:1
8,0.9,baseline,1,77,0.2479095160961151,0.0039289770647883415,0.6899188160896301,0.722686767578125,0.03276795148849487,0:0;25:0;50:0;75:0;100:0;150:0;250:0;400:1;700:1;1100:1;1500:1,0:0;25:0;50:0;75:0;100:0;150:0;250:0;400:1;700:1;1100:1;1500:1
8,0.9,baseline,1,78,1.0933560132980347,0.0051198964938521385,0.6874901652336121,0.7210919857025146,0.03360182046890259,0:0;25:0;50:0;75:0;100:0;150:0;250:1;400:1;700:1;1100:1;1500:1,0:0;25:0;50:0;75:0;100:0;150:0;250:1;400:1;700:1;1100:1;1500:1
8,0.9,baseline,1,79,1.141457438468933,0.02521238662302494,0.6876587867736816,0.7146872282028198,0.027028441429138184,0:0;25:0;50:0;75:0;100:0;150:0;250:0;400:1;700:1;1100:1;1500:1,0:0;25:0;50:0;75:0;100:0;150:0;250:0;400:1;700:1;1100:1;1500:1
8,0.9,baseline,2,74,8.349857330322266,0.006338746286928654,0.6920678019523621,0.7238155603408813,0.03174775838851929,0:0;25:0;50:0;75:0;100:0;150:0;250:0;400:0;700:1;1100:1;1500:1,0:0;25:0;50:0;75:0;100:0;150:0;250:0;400:0;700:1;1100:1;1500:1
8,0.9,baseline,2,75,0.3986528217792511,0.004706311039626598,0.6923823356628418,0.7204772233963013,0.028094887733459473,0:0;25:0;50:0;75:0;100:0;150:0;250:0;400:1;700:1;1100:1;1500:1,0:0;25:0;50:0;75:0;100:0;150:0;250:0;400:1;700:1;1100:1;1500:1
8,0.9,baseline,2,76,12.074136734008789,0.007390192244201899,0.6941515803337097,0.7284306287765503,0.034279048442840576,0:0;25:0;50:0;75:0;100:0;150:0;250:0;400:0;700:1;1100:1;1500:1,0:0;25:0;50:0;75:0;100:0;150:0;250:0;400:0;700:1;1100:1;1500:1
8,0.9,baseline,2,77,7.111643314361572,0.00895076896995306,0.6981907486915588,0.7253726124763489,0.02718186378479004,0:0;25:0;50:0;75:0;100:0;150:0;250:0;400:1;700:1;1100:1;1500:1,0:0;25:0;50:0;75:0;100:0;150:0;250:0;400:1;700:1;1100:1;1500:1
8,0.9,baseline,2,78,0.24376778304576874,0.005851589143276215,0.6910512447357178,0.7204597592353821,0.029408514499664307,0:0;25:0;50:0;75:0;100:0;150:0;250:1;400:1;700:1;1100:1;1500:1,0:0;25:0;50:0;75:0;100:0;150:0;250:1;400:1;700:1;1100:1;1500:1
8,0.9,baseline,2,79,0.18423642218112946,0.005755898077040911,0.692025899887085,0.7196193337440491,0.02759343385696411,0:0;25:0;50:0;75:0;100:0;150:0;250:0;400:1;700:1;1100:1;1500:1,0:0;25:0;50:0;75:0;100:0;150:0;250:0;400:1;700:1;1100:1;1500:1
8,0.9,baseline,3,74,1.0567371845245361,0.005031936801970005,0.6869054436683655,0.7221702933311462,0.03526484966278076,0:0;25:0;50:0;75:0;100:0;150:0;250:1;400:1;700:1;1100:1;1500:1,0:0;25:0;50:0;75:0;100:0;150:0;250:1;400:1;700:1;1100:1;1500:1
8,0.9,baseline,3,75,0.7036104798316956,0.006706531625241041,0.6872782111167908,0.7222339510917664,0.034955739974975586,0:0;25:0;50:0;75:0;100:0;150:0;250:1;400:1;700:1;1100:1;1500:1,0:0;25:0;50:0;75:0;100:0;150:0;250:1;400:1;700:1;1100:1;1500:1
8,0.9,baseline,3,76,0.9929899573326111,0.004763295408338308,0.6842978000640869,0.7211030125617981,0.03680521249771118,0:0;25:0;50:0;75:0;100:0;150:0;250:0;400:1;700:1;1100:1;1500:1,0:0;25:0;50:0;75:0;100:0;150:0;250:0;400:1;700:1;1100:1;1500:1
8,0.9,baseline,3,77,1.0376863479614258,0.004419680684804916,0.6884760856628418,0.723065972328186,0.03458988666534424,0:0;25:0;50:0;75:0;100:0;150:0;250:0;400:1;700:1;1100:1;1500:1,0:0;25:0;50:0;75:0;100:0;150:0;250:0;400:1;700:1;1100:1;1500:1
8,0.9,baseline,3,78,18.19460678100586,0.010205068625509739,0.6854735016822815,0.726289689540863,0.04081618785858154,0:0;25:0;50:0;75:0;100:0;150:0;250:0;400:0;700:1;1100:1;1500:1,0:0;25:0;50:0;75:0;100:0;150:0;250:0;400:0;700:1;1100:1;1500:1
8,0.9,baseline,3,79,5.360767841339111,0.006662414409220219,0.6885408759117126,0.7238534688949585,0.03531259298324585,0:0;25:0;50:0;75:0;100:0;150:0;250:0;400:1;700:1;1100:1;1500:1,0:0;25:0;50:0;75:0;100:0;150:0;250:0;400:1;700:1;1100:1;1500:1
8,0.9,baseline,4,74,1.2070937156677246,0.0065671177580952644,0.6829336881637573,0.719626784324646,0.03669309616088867,0:0;25:0;50:0;75:0;100:0;150:0;250:1;400:1;700:1;1100:1;1500:1,0:0;25:0;50:0;75:0;100:0;150:0;250:1;400:1;700:1;1100:1;1500:1
8,0.9,baseline,4,75,0.8023478984832764,0.005983851850032806,0.6781600117683411,0.712907075881958,0.03474706411361694,0:0;25:0;50:0;75:0;100:0;150:0;250:0;400:1;700:1;1100:1;1500:1,0:0;25:0;50:0;75:0;100:0;150:0;250:0;400:1;700:1;1100:1;1500:1
8,0.9,baseline,4,76,0.2508332431316376,0.008014376275241375,0.6777621507644653,0.7159152030944824,0.03815305233001709,0:0;25:0;50:0;75:0;100:0;150:0;250:0;400:1;700:1;1100:1;1500:1,0:0;25:0;50:0;75:0;100:0;150:0;250:0;400:1;700:1;1100:1;1500:1
8,0.9,baseline,4,77,0.6541978716850281,0.003791347611695528,0.6810508966445923,0.7168736457824707,0.03582274913787842,0:0;25:0;50:0;75:0;100:0;150:0;250:0;400:1;700:1;1100:1;1500:1,0:0;25:0;50:0;75:0;100:0;150:0;250:0;400:1;700:1;1100:1;1500:1
8,0.9,baseline,4,78,3.5515007972717285,0.006960208062082529,0.6796355247497559,0.7141138911247253,0.03447836637496948,0:0;25:0;50:0;75:0;100:0;150:0;250:0;400:1;700:1;1100:1;1500:1,0:0;25:0;50:0;75:0;100:0;150:0;250:0;400:1;700:1;1100:1;1500:1
8,0.9,baseline,4,79,3.2005856037139893,0.006799059920012951,0.6812582612037659,0.7169607877731323,0.035702526569366455,0:0;25:0;50:0;75:0;100:0;150:0;250:0;400:1;700:1;1100:1;1500:1,0:0;25:0;50:0;75:0;100:0;150:0;250:0;400:1;700:1;1100:1;1500:1
8,0.9,input_at,0,74,0.8800395131111145,0.004073459189385176,0.7408828735351562,0.7244040369987488,-0.01647883653640747,0:0;25:0;50:0;75:0;100:0;150:1;250:1;400:1;700:1;1100:1;1500:1,0:0;25:0;50:0;75:0;100:0;150:1;250:1;400:1;700:1;1100:1;1500:1
8,0.9,input_at,0,75,0.09372470527887344,0.0039025007281452417,0.7418570518493652,0.7210002541542053,-0.020856797695159912,0:0;25:0;50:0;75:0;100:0;150:1;250:1;400:1;700:1;1100:1;1500:1,0:0;25:0;50:0;75:0;100:0;150:1;250:1;400:1;700:1;1100:1;1500:1
8,0.9,input_at,0,76,1.4772982597351074,0.0039375764317810535,0.7454480528831482,0.7266908288002014,-0.018757224082946777,0:0;25:0;50:0;75:0;100:0;150:0;250:1;400:1;700:1;1100:1;1500:1,0:0;25:0;50:0;75:0;100:0;150:0;250:1;400:1;700:1;1100:1;1500:1
8,0.9,input_at,0,77,0.13864029943943024,0.003577748779207468,0.7446354627609253,0.7261539697647095,-0.01848149299621582,0:0;25:0;50:0;75:0;100:1;150:1;250:1;400:1;700:1;1100:1;1500:1,0:0;25:0;50:0;75:0;100:1;150:1;250:1;400:1;700:1;1100:1;1500:1
8,0.9,input_at,0,78,0.6639811396598816,0.005319469142705202,0.7438117861747742,0.727173388004303,-0.01663839817047119,0:0;25:0;50:0;75:0;100:0;150:1;250:1;400:1;700:1;1100:1;1500:1,0:0;25:0;50:0;75:0;100:0;150:1;250:1;400:1;700:1;1100:1;1500:1
8,0.9,input_at,0,79,0.2339232712984085,0.006443331483751535,0.7436342835426331,0.7241843342781067,-0.019449949264526367,0:0;25:0;50:0;75:0;100:1;150:1;250:1;400:1;700:1;1100:1;1500:1,0:0;25:0;50:0;75:0;100:1;150:1;250:1;400:1;700:1;1100:1;1500:1
8,0.9,input_at,1,74,12.577027320861816,0.009364736266434193,0.7449160218238831,0.7395075559616089,-0.00540846586227417,0:0;25:0;50:0;75:0;100:0;150:0;250:0;400:0;700:1;1100:1;1500:1,0:0;25:0;50:0;75:0;100:0;150:0;250:0;400:0;700:1;1100:1;1500:1
8,0.9,input_at,1,75,0.5215731859207153,0.004792395513504744,0.7423456311225891,0.7277470231056213,-0.014598608016967773,0:0;25:0;50:0;75:0;100:0;150:0;250:1;400:1;700:1;1100:1;1500:1,0:0;25:0;50:0;75:0;100:0;150:0;250:1;400:1;700:1;1100:1;1500:1
8,0.9,input_at,1,76,0.6924317479133606,0.004272861406207085,0.7433998584747314,0.7281611561775208,-0.015238702297210693,0:0;25:0;50:0;75:0;100:0;150:0;250:1;400:1;700:1;1100:1;1500:1,0:0;25:0;50:0;75:0;100:0;150:0;250:1;400:1;700:1;1100:1;1500:1
8,0.9,input_at,1,77,0.1768299639225006,0.0034171512816101313,0.7419713139533997,0.7256953120231628,-0.016276001930236816,0:0;25:0;50:0;75:0;100:0;150:0;250:1;400:1;700:1;1100:1;1500:1,0:0;25:0;50:0;75:0;100:0;150:0;250:1;400:1;700:1;1100:1;1500:1
8,0.9,input_at,1,78,1.3947302103042603,0.004227335564792156,0.7402806878089905,0.7245386838912964,-0.015742003917694092,0:0;25:0;50:0;75:0;100:0;150:0;250:1;400:1;700:1;1100:1;1500:1,0:0;25:0;50:0;75:0;100:0;150:0;250:1;400:1;700:1;1100:1;1500:1
8,0.9,input_at,1,79,1.3792216777801514,0.0034183484967797995,0.7430452704429626,0.726249635219574,-0.016795635223388672,0:0;25:0;50:0;75:0;100:0;150:0;250:1;400:1;700:1;1100:1;1500:1,0:0;25:0;50:0;75:0;100:0;150:0;250:1;400:1;700:1;1100:1;1500:1
8,0.9,input_at,2,74,6.230262279510498,0.006828387267887592,0.7431858777999878,0.7293606996536255,-0.013825178146362305,0:0;25:0;50:0;75:0;100:0;150:0;250:0;400:1;700:1;1100:1;1500:1,0:0;25:0;50:0;75:0;100:0;150:0;250:0;400:1;700:1;1100:1;1500:1
8,0.9,input_at,2,75,0.40832051634788513,0.005080697126686573,0.7437900304794312,0.7282030582427979,-0.0155869722366333,0:0;25:0;50:0;75:0;100:0;150:0;250:1;400:1;700:1;1100:1;1500:1,0:0;25:0;50:0;75:0;100:0;150:0;250:1;400:1;700:1;1100:1;1500:1
8,0.9,input_at,2,76,10.055741310119629,0.009669589810073376,0.7451795935630798,0.7359235286712646,-0.009256064891815186,0:0;25:0;50:0;75:0;100:0;150:0;250:0;400:1;700:1;1100:1;1500:1,0:0;25:0;50:0;75:0;100:0;150:0;250:0;400:1;700:1;1100:1;1500:1
8,0.9,input_at,2,77,5.112453460693359,0.009365605190396309,0.7441907525062561,0.7306960225105286,-0.013494729995727539,0:0;25:0;50:0;75:0;100:0;150:0;250:1;400:1;700:1;1100:1;1500:1,0:0;25:0;50:0;75:0;100:0;150:0;250:1;400:1;700:1;1100:1;1500:1
8,0.9,input_at,2,78,0.34532544016838074,0.0046765455044806,0.7408334612846375,0.720969557762146,-0.019863903522491455,0:0;25:0;50:0;75:0;100:0;150:0;250:1;400:1;700:1;1100:1;1500:1,0:0;25:0;50:0;75:0;100:0;150:0;250:1;400:1;700:1;1100:1;1500:1
8,0.9,input_at,2,79,0.2915557324886322,0.004941156134009361,0.7410467863082886,0.7217225432395935,-0.01932424306869507,0:0;25:0;50:0;75:0;100:0;150:0;250:1;400:1;700:1;1100:1;1500:1,0:0;25:0;50:0;75:0;100:0;150:0;250:1;400:1;700:1;1100:1;1500:1
8,0.9,input_at,3,74,1.4031213521957397,0.003935393411666155,0.7446221113204956,0.7383783459663391,-0.006243765354156494,0:0;25:0;50:0;75:0;100:0;150:0;250:1;400:1;700:1;1100:1;1500:1,0:0;25:0;50:0;75:0;100:0;150:0;250:1;400:1;700:1;1100:1;1500:1
8,0.9,input_at,3,75,0.670670211315155,0.00437941076233983,0.7448755502700806,0.7405340075492859,-0.004341542720794678,0:0;25:0;50:0;75:0;100:0;150:1;250:1;400:1;700:1;1100:1;1500:1,0:0;25:0;50:0;75:0;100:0;150:1;250:1;400:1;700:1;1100:1;1500:1
8,0.9,input_at,3,76,0.14109140634536743,0.0026785845402628183,0.7437048554420471,0.736772358417511,-0.006932497024536133,0:0;25:0;50:0;75:0;100:0;150:0;250:1;400:1;700:1;1100:1;1500:1,0:0;25:0;50:0;75:0;100:0;150:0;250:1;400:1;700:1;1100:1;1500:1
8,0.9,input_at,3,77,1.05099618434906,0.002902088686823845,0.7461664080619812,0.7420416474342346,-0.004124760627746582,0:0;25:0;50:0;75:0;100:0;150:0;250:1;400:1;700:1;1100:1;1500:1,0:0;25:0;50:0;75:0;100:0;150:0;250:1;400:1;700:1;1100:1;1500:1
8,0.9,input_at,3,78,16.760282516479492,0.005163705907762051,0.7434560060501099,0.7507640719413757,0.007308065891265869,0:0;25:0;50:0;75:0;100:0;150:0;250:0;400:0;700:1;1100:1;1500:1,0:0;25:0;50:0;75:0;100:0;150:0;250:0;400:0;700:1;1100:1;1500:1
8,0.9,input_at,3,79,3.9499800205230713,0.004406938329339027,0.7448309659957886,0.745040774345398,0.000209808349609375,0:0;25:0;50:0;75:0;100:0;150:1;250:1;400:1;700:1;1100:1;1500:1,0:0;25:0;50:0;75:0;100:0;150:1;250:1;400:1;700:1;1100:1;1500:1
8,0.9,input_at,4,74,0.46082961559295654,0.0023680166341364384,0.7338860034942627,0.7386080026626587,0.004721999168395996,0:0;25:0;50:0;75:0;100:0;150:0;250:1;400:1;700:1;1100:1;1500:1,0:0;25:0;50:0;75:0;100:0;150:0;250:1;400:1;700:1;1100:1;1500:1
8,0.9,input_at,4,75,1.2357114553451538,0.0020159969571977854,0.7313823699951172,0.7350296974182129,0.003647327423095703,0:0;25:0;50:0;75:0;100:0;150:0;250:1;400:1;700:1;1100:1;1500:1,0:0;25:0;50:0;75:0;100:0;150:0;250:1;400:1;700:1;1100:1;1500:1
8,0.9,input_at,4,76,0.2901698052883148,0.0031179573852568865,0.7294657230377197,0.734729528427124,0.005263805389404297,0:0;25:0;50:0;75:0;100:0;150:0;250:1;400:1;700:1;1100:1;1500:1,0:0;25:0;50:0;75:0;100:0;150:0;250:1;400:1;700:1;1100:1;1500:1
8,0.9,input_at,4,77,0.04248765483498573,0.0018453426891937852,0.7354400157928467,0.7397720813751221,0.004332065582275391,0:0;25:0;50:0;75:0;100:0;150:1;250:1;400:1;700:1;1100:1;1500:1,0:0;25:0;50:0;75:0;100:0;150:1;250:1;400:1;700:1;1100:1;1500:1
8,0.9,input_at,4,78,2.8526997566223145,0.0033207826782017946,0.7348096370697021,0.7389047145843506,0.0040950775146484375,0:0;25:0;50:0;75:0;100:0;150:0;250:1;400:1;700:1;1100:1;1500:1,0:0;25:0;50:0;75:0;100:0;150:0;250:1;400:1;700:1;1100:1;1500:1
8,0.9,input_at,4,79,1.879096269607544,0.0033694047015160322,0.7364266514778137,0.7398520708084106,0.003425419330596924,0:0;25:0;50:0;75:0;100:0;150:0;250:1;400:1;700:1;1100:1;1500:1,0:0;25:0;50:0;75:0;100:0;150:0;250:1;400:1;700:1;1100:1;1500:1
8,0.9,lat,0,74,0.33197855949401855,0.03923100605607033,0.7005565762519836,0.7127248644828796,0.012168288230895996,0:0;25:0;50:0;75:0;100:0;150:0;250:1;400:1;700:1;1100:1;1500:1,0:0;25:0;50:0;75:0;100:0;150:0;250:1;400:1;700:1;1100:1;1500:1
8,0.9,lat,0,75,0.2891124486923218,0.004858182277530432,0.6982980370521545,0.7162531018257141,0.01795506477355957,0:0;25:0;50:0;75:0;100:0;150:0;250:1;400:1;700:1;1100:1;1500:1,0:0;25:0;50:0;75:0;100:0;150:0;250:1;400:1;700:1;1100:1;1500:1
8,0.9,lat,0,76,0.8238328695297241,0.005988737568259239,0.7031031847000122,0.7192228436470032,0.016119658946990967,0:0;25:0;50:0;75:0;100:0;150:0;250:0;400:1;700:1;1100:1;1500:1,0:0;25:0;50:0;75:0;100:0;150:0;250:0;400:1;700:1;1100:1;1500:1
8,0.9,lat,0,77,0.28255340456962585,0.006307125557214022,0.7029465436935425,0.7200729846954346,0.01712644100189209,0:0;25:0;50:0;75:0;100:0;150:0;250:1;400:1;700:1;1100:1;1500:1,0:0;25:0;50:0;75:0;100:0;150:0;250:1;400:1;700:1;1100:1;1500:1
8,0.9,lat,0,78,0.3052292764186859,0.005959904752671719,0.6988745927810669,0.7179100513458252,0.0190354585647583,0:0;25:0;50:0;75:0;100:0;150:0;250:1;400:1;700:1;1100:1;1500:1,0:0;25:0;50:0;75:0;100:0;150:0;250:1;400:1;700:1;1100:1;1500:1
8,0.9,lat,0,79,0.4064702093601227,0.007837730459868908,0.7008352279663086,0.7207773923873901,0.019942164421081543,0:0;25:0;50:0;75:0;100:0;150:0;250:1;400:1;700:1;1100:1;1500:1,0:0;25:0;50:0;75:0;100:0;150:0;250:1;400:1;700:1;1100:1;1500:1
8,0.9,lat,1,74,5.435432434082031,0.006228090263903141,0.6973064541816711,0.7218241095542908,0.02451765537261963,0:0;25:0;50:0;75:0;100:0;150:0;250:0;400:0;700:1;1100:1;1500:1,0:0;25:0;50:0;75:0;100:0;150:0;250:0;400:0;700:1;1100:1;1500:1
8,0.9,lat,1,75,0.23438528180122375,0.005631336476653814,0.6982868909835815,0.7213910818099976,0.023104190826416016,0:0;25:0;50:0;75:0;100:0;150:0;250:0;400:1;700:1;1100:1;1500:1,0:0;25:0;50:0;75:0;100:0;150:0;250:0;400:1;700:1;1100:1;1500:1
8,0.9,lat,1,76,0.27651458978652954,0.010931702330708504,0.6942384243011475,0.7170007824897766,0.02276235818862915,0:0;25:0;50:0;75:0;100:0;150:0;250:0;400:1;700:1;1100:1;1500:1,0:0;25:0;50:0;75:0;100:0;150:0;250:0;400:1;700:1;1100:1;1500:1
8,0.9,lat,1,77,0.2034684717655182,0.003869609674438834,0.6972057223320007,0.7204070687294006,0.023201346397399902,0:0;25:0;50:0;75:0;100:0;150:0;250:0;400:1;700:1;1100:1;1500:1,0:0;25:0;50:0;75:0;100:0;150:0;250:0;400:1;700:1;1100:1;1500:1
8,0.9,lat,1,78,1.0042890310287476,0.005309102591127157,0.6947759389877319,0.7177081108093262,0.02293217182159424,0:0;25:0;50:0;75:0;100:0;150:0;250:0;400:1;700:1;1100:1;1500:1,0:0;25:0;50:0;75:0;100:0;150:0;250:0;400:1;700:1;1100:1;1500:1
8,0.9,lat,1,79,1.0272916555404663,0.003532692790031433,0.6945197582244873,0.7185818552970886,0.02406209707260132,0:0;25:0;50:0;75:0;100:0;150:0;250:0;400:0;700:1;1100:1;1500:1,0:0;25:0;50:0;75:0;100:0;150:0;250:0;400:0;700:1;1100:1;1500:1
8,0.9,lat,2,74,3.032334327697754,0.004975182004272938,0.6966982483863831,0.7210197448730469,0.02432149648666382,0:0;25:0;50:0;75:0;100:0;150:0;250:0;400:1;700:1;1100:1;1500:1,0:0;25:0;50:0;75:0;100:0;150:0;250:0;400:1;700:1;1100:1;1500:1
8,0.9,lat,2,75,0.13447846472263336,0.004723393823951483,0.6955886483192444,0.7209241986274719,0.02533555030822754,0:0;25:0;50:0;75:0;100:0;150:0;250:0;400:1;700:1;1100:1;1500:1,0:0;25:0;50:0;75:0;100:0;150:0;250:0;400:1;700:1;1100:1;1500:1
8,0.9,lat,2,76,4.431951999664307,0.0054076435044407845,0.6972347497940063,0.7241200804710388,0.02688533067703247,0:0;25:0;50:0;75:0;100:0;150:0;250:0;400:0;700:1;1100:1;1500:1,0:0;25:0;50:0;75:0;100:0;150:0;250:0;400:0;700:1;1100:1;1500:1
8,0.9,lat,2,77,1.5633248090744019,0.0074796960689127445,0.7002813816070557,0.7255589365959167,0.025277554988861084,0:0;25:0;50:0;75:0;100:0;150:0;250:0;400:1;700:1;1100:1;1500:1,0:0;25:0;50:0;75:0;100:0;150:0;250:0;400:1;700:1;1100:1;1500:1
8,0.9,lat,2,78,0.08917061984539032,0.005667440127581358,0.6950622200965881,0.7216010093688965,0.02653878927230835,0:0;25:0;50:0;75:0;100:0;150:0;250:0;400:1;700:1;1100:1;1500:1,0:0;25:0;50:0;75:0;100:0;150:0;250:0;400:1;700:1;1100:1;1500:1
8,0.9,lat,2,79,0.08587086200714111,0.02150368131697178,0.695891261100769,0.7155637145042419,0.0196724534034729,0:0;25:0;50:0;75:0;100:0;150:0;250:0;400:0;700:1;1100:1;1500:1,0:0;25:0;50:0;75:0;100:0;150:0;250:0;400:0;700:1;1100:1;1500:1
8,0.9,lat,3,74,0.9059404134750366,0.004190517123788595,0.6948772072792053,0.7221135497093201,0.027236342430114746,0:0;25:0;50:0;75:0;100:0;150:0;250:0;400:1;700:1;1100:1;1500:1,0:0;25:0;50:0;75:0;100:0;150:0;250:0;400:1;700:1;1100:1;1500:1
8,0.9,lat,3,75,0.5137242078781128,0.0060837240889668465,0.696214497089386,0.7240145802497864,0.02780008316040039,0:0;25:0;50:0;75:0;100:0;150:0;250:0;400:1;700:1;1100:1;1500:1,0:0;25:0;50:0;75:0;100:0;150:0;250:0;400:1;700:1;1100:1;1500:1
8,0.9,lat,3,76,0.6252214312553406,0.0048636202700436115,0.6945493221282959,0.7215844988822937,0.027035176753997803,0:0;25:0;50:0;75:0;100:0;150:0;250:0;400:1;700:1;1100:1;1500:1,0:0;25:0;50:0;75:0;100:0;150:0;250:0;400:1;700:1;1100:1;1500:1
8,0.9,lat,3,77,0.7290664315223694,0.004199558403342962,0.6972428560256958,0.7210894823074341,0.02384662628173828,0:0;25:0;50:0;75:0;100:0;150:0;250:0;400:1;700:1;1100:1;1500:1,0:0;25:0;50:0;75:0;100:0;150:0;250:0;400:1;700:1;1100:1;1500:1
8,0.9,lat,3,78,5.394568920135498,0.005593834910541773,0.6942468881607056,0.7203153967857361,0.026068508625030518,0:0;25:0;50:0;75:0;100:0;150:0;250:0;400:0;700:1;1100:1;1500:1,0:0;25:0;50:0;75:0;100:0;150:0;250:0;400:0;700:1;1100:1;1500:1
8,0.9,lat,3,79,0.5521399974822998,0.006370916031301022,0.6949403882026672,0.7217280864715576,0.02678769826889038,0:0;25:0;50:0;75:0;100:0;150:0;250:0;400:1;700:1;1100:1;1500:1,0:0;25:0;50:0;75:0;100:0;150:0;250:0;400:1;700:1;1100:1;1500:1
8,0.9,lat,4,74,0.34801992774009705,0.006004460155963898,0.6912578344345093,0.7176895141601562,0.026431679725646973,0:0;25:0;50:0;75:0;100:0;150:0;250:0;400:1;700:1;1100:1;1500:1,0:0;25:0;50:0;75:0;100:0;150:0;250:0;400:1;700:1;1100:1;1500:1
8,0.9,lat,4,75,0.7970908284187317,0.004808104131370783,0.6886968612670898,0.7148857116699219,0.02618885040283203,0:0;25:0;50:0;75:0;100:0;150:0;250:0;400:1;700:1;1100:1;1500:1,0:0;25:0;50:0;75:0;100:0;150:0;250:0;400:1;700:1;1100:1;1500:1
8,0.9,lat,4,76,0.08356839418411255,0.006136540323495865,0.6893311142921448,0.716407299041748,0.02707618474960327,0:0;25:0;50:0;75:0;100:0;150:0;250:0;400:1;700:1;1100:1;1500:1,0:0;25:0;50:0;75:0;100:0;150:0;250:0;400:1;700:1;1100:1;1500:1
8,0.9,lat,4,77,0.3393697738647461,0.0034344051964581013,0.691338300704956,0.7152779698371887,0.023939669132232666,0:0;25:0;50:0;75:0;100:0;150:0;250:0;400:1;700:1;1100:1;1500:1,0:0;25:0;50:0;75:0;100:0;150:0;250:0;400:1;700:1;1100:1;1500:1
8,0.9,lat,4,78,0.24572734534740448,0.006420705001801252,0.6889835000038147,0.7138441205024719,0.024860620498657227,0:0;25:0;50:0;75:0;100:0;150:0;250:0;400:1;700:1;1100:1;1500:1,0:0;25:0;50:0;75:0;100:0;150:0;250:0;400:1;700:1;1100:1;1500:1
8,0.9,lat,4,79,0.34445515275001526,0.006054336670786142,0.6930978894233704,0.7170071601867676,0.023909270763397217,0:0;25:0;50:0;75:0;100:0;150:0;250:0;400:1;700:1;1100:1;1500:1,0:0;25:0;50:0;75:0;100:0;150:0;250:0;400:1;700:1;1100:1;1500:1
