n,m,n_over_m,sparsity,condition,seed,recon_fvu,interference,sae_fvu_clean,sae_fvu_adv,sae_l0_clean,sae_l0_adv,sae_mono,sae_k,sae_dict,mean_D
20,10,2,0.8,baseline,0,0.12901040966055602,0.05740224942564964,0.022791787981987,0.02448028139770031,4.0,4.0,0.9922889471054077,4,80,0.4645090103149414
20,10,2,0.8,baseline,1,0.1297477214514363,0.07099198549985886,0.021353958174586296,0.024446740746498108,4.0,4.0,0.9890555143356323,4,80,0.4484369158744812
20,10,2,0.8,baseline,2,0.13975113068182599,0.0757358968257904,0.013913266360759735,0.016126833856105804,4.0,4.0,0.9955170750617981,4,80,0.4611690640449524
20,10,2,0.8,baseline,3,0.12166445480003431,0.06929905712604523,0.015635671094059944,0.022252026945352554,4.0,4.0,0.979277491569519,4,80,0.4322234094142914
20,10,2,0.8,baseline,4,0.13677141522161973,0.07699237018823624,0.02909223921597004,0.030785398557782173,4.0,4.0,0.9579949378967285,4,80,0.45606812834739685
20,10,2,0.8,input_at,0,0.1589990299373204,0.07381509244441986,0.021956928074359894,0.02316790260374546,3.998291015625,3.998779296875,0.9150024652481079,4,80,0.4429968297481537
20,10,2,0.8,input_at,1,0.15293311834984938,0.1008249968290329,0.018628355115652084,0.02159406617283821,4.0,4.0,0.9845463633537292,4,80,0.4514196813106537
20,10,2,0.8,input_at,2,0.15982925286884808,0.11833415925502777,0.013908825814723969,0.02030964381992817,4.0,4.0,0.9828354716300964,4,80,0.4559641480445862
20,10,2,0.8,input_at,3,0.16140118485819913,0.07256048172712326,0.008516425266861916,0.0129907401278615,4.0,4.0,0.9365178942680359,4,80,0.41829824447631836
20,10,2,0.8,input_at,4,0.126606828317161,0.06502542644739151,0.013687982223927975,0.0190744586288929,4.0,4.0,0.9465337991714478,4,80,0.453761488199234
20,10,2,0.8,lat,0,0.13856549808647262,0.0689583346247673,0.017461318522691727,0.01715913787484169,4.0,4.0,0.9913835525512695,4,80,0.4958117604255676
20,10,2,0.8,lat,1,0.14159037923482182,0.0690583735704422,0.014626827090978622,0.014147007837891579,4.0,4.0,0.9985061883926392,4,80,0.4939956068992615
20,10,2,0.8,lat,2,0.1409669574714963,0.06842838227748871,0.015167765319347382,0.014938915148377419,4.0,4.0,0.9898392558097839,4,80,0.4971230924129486
20,10,2,0.8,lat,3,0.12182305131177287,0.07118289917707443,0.016180114820599556,0.016133608296513557,4.0,4.0,0.9844169616699219,4,80,0.457763135433197
20,10,2,0.8,lat,4,0.13261832459235476,0.05830661952495575,0.019877878949046135,0.021562283858656883,4.0,4.0,0.9751176834106445,4,80,0.49247875809669495
20,10,2,0.9,baseline,0,0.0580447401666645,0.06420538574457169,0.07755102962255478,0.0863361731171608,2.0,2.0,0.9997005462646484,2,80,0.4530862867832184
20,10,2,0.9,baseline,1,0.05729721580835859,0.06414230912923813,0.07732776552438736,0.08497530221939087,2.0,1.999755859375,0.9997445344924927,2,80,0.4511807858943939
20,10,2,0.9,baseline,2,0.0556215330864636,0.06774307042360306,0.07781343162059784,0.08590877056121826,2.0,2.0,0.9996856451034546,2,80,0.4466519355773926
20,10,2,0.9,baseline,3,0.05407663554820253,0.06339059770107269,0.07179847359657288,0.07642589509487152,2.0,2.0,0.9990617632865906,2,80,0.4496230483055115
20,10,2,0.9,baseline,4,0.053237096445098525,0.06382164359092712,0.07968636602163315,0.08755990117788315,2.0,2.0,0.9996675252914429,2,80,0.45384177565574646
20,10,2,0.9,input_at,0,0.0698664829509245,0.06778208911418915,0.07330319285392761,0.07804509997367859,2.0,2.0,0.998071551322937,2,80,0.44955626130104065
20,10,2,0.9,input_at,1,0.06327601961414188,0.06296833604574203,0.07098257541656494,0.07632388174533844,2.0,2.0,0.9981141090393066,2,80,0.45453310012817383
20,10,2,0.9,input_at,2,0.07526727684058006,0.06207854300737381,0.06574802845716476,0.06874892115592957,2.0,2.0,0.9973462820053101,2,80,0.47544988989830017
20,10,2,0.9,input_at,3,0.07179533320641578,0.06467019021511078,0.07040226459503174,0.07567037642002106,2.0,2.0,0.9994403123855591,2,80,0.44032391905784607
20,10,2,0.9,input_at,4,0.06521632915514691,0.05910685658454895,0.07694921642541885,0.08001572638750076,2.0,2.0,0.9910833239555359,2,80,0.4587272107601166
20,10,2,0.9,lat,0,0.05718584467524541,0.05766129866242409,0.08914956450462341,0.08887171000242233,2.0,2.0,0.9995609521865845,2,80,0.4793892800807953
20,10,2,0.9,lat,1,0.05731478490064222,0.058005936443805695,0.08515945076942444,0.08341958373785019,2.0,2.0,0.9994528889656067,2,80,0.47728219628334045
20,10,2,0.9,lat,2,0.06374534058966232,0.053805381059646606,0.07576553523540497,0.07492361962795258,2.0,2.0,0.9992328882217407,2,80,0.4932623505592346
20,10,2,0.9,lat,3,0.047540791902488666,0.05846141651272774,0.07533543556928635,0.07428234070539474,2.0,2.0,0.9997532963752747,2,80,0.47366538643836975
20,10,2,0.9,lat,4,0.05168841224190471,0.05814614146947861,0.08055464923381805,0.07894645631313324,2.0,2.0,0.9995651245117188,2,80,0.47671929001808167
20,10,2,0.99,baseline,0,0.021636312167509934,0.0702488124370575,0.030235210433602333,0.036803461611270905,1.0,1.0,0.9982389211654663,1,80,0.42629557847976685
20,10,2,0.99,baseline,1,0.01860670108628678,0.07365215569734573,0.06723476201295853,0.07070280611515045,1.0,1.0,0.9816777110099792,1,80,0.4196333885192871
20,10,2,0.99,baseline,2,0.01110950055188657,0.06665056943893433,0.04076312482357025,0.04482497274875641,1.0,1.0,0.9989510774612427,1,80,0.44019660353660583
20,10,2,0.99,baseline,3,0.013575966650746568,0.0710725411772728,0.029883723706007004,0.0388098880648613,1.0,1.0,0.9991613626480103,1,80,0.4239451289176941
20,10,2,0.99,baseline,4,0.010074555472080894,0.06514770537614822,0.03601396828889847,0.04282789304852486,1.0,1.0,0.9992424845695496,1,80,0.44464388489723206
20,10,2,0.99,input_at,0,0.017348193805265155,0.06426920741796494,0.029306666925549507,0.032871171832084656,1.0,1.0,0.998153030872345,1,80,0.44850102066993713
20,10,2,0.99,input_at,1,0.01630946101425924,0.06532874703407288,0.027506038546562195,0.030762527137994766,1.0,1.0,0.9994688034057617,1,80,0.443744421005249
20,10,2,0.99,input_at,2,0.019074331794727305,0.060780275613069534,0.03946716710925102,0.048065342009067535,1.0,1.0,0.9987794160842896,1,80,0.46536415815353394
20,10,2,0.99,input_at,3,0.014300322111159844,0.06754960119724274,0.029130389913916588,0.035849083214998245,1.0,1.0,0.9993901252746582,1,80,0.4371207356452942
20,10,2,0.99,input_at,4,0.010178240995463581,0.06466041505336761,0.03395100682973862,0.037846919149160385,1.0,1.0,0.9993577003479004,1,80,0.4458004832267761
20,10,2,0.99,lat,0,0.01707993626890376,0.06649219989776611,0.033353496342897415,0.03727414086461067,1.0,1.0,0.9990698099136353,1,80,0.44676321744918823
20,10,2,0.99,lat,1,0.021639652980205672,0.06579644978046417,0.032045718282461166,0.03777026757597923,1.0,1.0,0.9990420341491699,1,80,0.44937944412231445
20,10,2,0.99,lat,2,0.012186519793078924,0.06191524863243103,0.03742867708206177,0.03962572291493416,1.0,1.0,0.9990234375,1,80,0.45906004309654236
20,10,2,0.99,lat,3,0.01728297464618535,0.0649060532450676,0.03131910040974617,0.035633623600006104,1.0,1.0,0.9991543889045715,1,80,0.44721800088882446
20,10,2,0.99,lat,4,0.009551845531707945,0.0618029460310936,0.036953993141651154,0.04111015424132347,1.0,1.0,0.9994261860847473,1,80,0.4603399336338043
40,10,4,0.8,baseline,0,0.23074652513695765,0.3038390576839447,0.01163253840059042,0.014787946827709675,7.9998779296875,7.9996337890625,0.7936424612998962,8,160,0.21082213521003723
40,10,4,0.8,baseline,1,0.23001939615825026,0.3133954107761383,0.009049361571669579,0.010309278964996338,7.9998779296875,8.0,0.8711016774177551,8,160,0.22102245688438416
40,10,4,0.8,baseline,2,0.22236853710177323,0.22304460406303406,0.006050216034054756,0.007726621348410845,7.9976806640625,7.99951171875,0.8237568140029907,8,160,0.2285940945148468
40,10,4,0.8,baseline,3,0.22607556301480639,0.3002623915672302,0.0057695405557751656,0.007671174127608538,7.9998779296875,7.9998779296875,0.8419439196586609,8,160,0.22085419297218323
40,10,4,0.8,baseline,4,0.21372494233504816,0.09255492687225342,0.0058116670697927475,0.007719229906797409,8.0,8.0,0.8269403576850891,8,160,0.22794875502586365
40,10,4,0.8,input_at,0,0.23932231932187262,0.35454943776130676,0.010471977293491364,0.013735773041844368,7.999755859375,7.9998779296875,0.8256809115409851,8,160,0.2154015600681305
40,10,4,0.8,input_at,1,0.2503373004855402,0.2690329849720001,0.007958767004311085,0.010961724445223808,7.9998779296875,8.0,0.7841004133224487,8,160,0.21344062685966492
40,10,4,0.8,input_at,2,0.23478844008255528,0.4001278281211853,0.004758869297802448,0.007861584424972534,7.998779296875,7.995849609375,0.8311867713928223,8,160,0.23088660836219788
40,10,4,0.8,input_at,3,0.26480414186770185,0.43343082070350647,0.0056210411712527275,0.008666508831083775,8.0,8.0,0.8239324688911438,8,160,0.21121017634868622
40,10,4,0.8,input_at,4,0.23566142536104898,0.1250905990600586,0.005019584205001593,0.007336322218179703,7.9990234375,7.99951171875,0.7965725064277649,8,160,0.22653624415397644
40,10,4,0.8,lat,0,0.2416370726265259,0.23896093666553497,0.007741858717054129,0.008587493561208248,7.9976806640625,7.99951171875,0.7993103265762329,8,160,0.24140577018260956
40,10,4,0.8,lat,1,0.23431632932937227,0.14244109392166138,0.014049855060875416,0.014778509736061096,7.9996337890625,7.999755859375,0.8225021362304688,8,160,0.23507258296012878
40,10,4,0.8,lat,2,0.24143815705555824,0.19618558883666992,0.004702469799667597,0.005038954317569733,7.9925537109375,7.993896484375,0.8736991882324219,8,160,0.24851027131080627
40,10,4,0.8,lat,3,0.24228111484359047,0.1875901222229004,0.00481159845367074,0.0054895905777812,7.9996337890625,7.9998779296875,0.8809564709663391,8,160,0.2420932948589325
40,10,4,0.8,lat,4,0.22045109109473884,0.1162046268582344,0.01167235802859068,0.013033215887844563,8.0,8.0,0.8100211024284363,8,160,0.24863359332084656
40,10,4,0.9,baseline,0,0.15576971657047717,0.15280088782310486,0.012223349884152412,0.017709245905280113,3.9996337890625,3.99951171875,0.8800880312919617,4,160,0.2227603644132614
40,10,4,0.9,baseline,1,0.16587234317324678,0.1672695279121399,0.021371064707636833,0.02659568190574646,4.0,4.0,0.8992134928703308,4,160,0.2232322245836258
40,10,4,0.9,baseline,2,0.15356495876316903,0.125935897231102,0.011273959651589394,0.01603967696428299,3.9998779296875,4.0,0.8896158933639526,4,160,0.2239198386669159
40,10,4,0.9,baseline,3,0.16395420254113685,0.1471095234155655,0.021494640037417412,0.026987655088305473,3.9976806640625,3.9996337890625,0.8625421524047852,4,160,0.2281518429517746
40,10,4,0.9,baseline,4,0.15859616868140589,0.10747440904378891,0.03006560727953911,0.03378979489207268,3.9991455078125,3.9986572265625,0.8981524705886841,4,160,0.23211076855659485
40,10,4,0.9,input_at,0,0.18091170629207107,0.3293454945087433,0.010547212325036526,0.01576407626271248,4.0,4.0,0.9793527722358704,4,160,0.21847784519195557
40,10,4,0.9,input_at,1,0.18959860981446772,0.23746144771575928,0.014028564095497131,0.01569737121462822,4.0,4.0,0.9242828488349915,4,160,0.22600968182086945
40,10,4,0.9,input_at,2,0.17868920517384163,0.33274751901626587,0.009370078332722187,0.013065348379313946,4.0,4.0,0.9212468862533569,4,160,0.22963008284568787
40,10,4,0.9,input_at,3,0.17557789126810402,0.2522040009498596,0.00987308006733656,0.015195321291685104,4.0,4.0,0.9392701983451843,4,160,0.22304800152778625
40,10,4,0.9,input_at,4,0.17777779905297061,0.25455665588378906,0.010355901904404163,0.012478817254304886,4.0,4.0,0.9010284543037415,4,160,0.2327968329191208
40,10,4,0.9,lat,0,0.15519269748159598,0.09539563953876495,0.01039005909115076,0.011615552939474583,4.0,4.0,0.8721114993095398,4,160,0.23212246596813202
40,10,4,0.9,lat,1,0.16947589125667623,0.10489775985479355,0.011436105705797672,0.013033078983426094,4.0,4.0,0.8968036770820618,4,160,0.23579056560993195
40,10,4,0.9,lat,2,0.166453024522925,0.13950392603874207,0.010388136841356754,0.011329056695103645,3.9998779296875,4.0,0.9149136543273926,4,160,0.23755225539207458
40,10,4,0.9,lat,3,0.17276650747010444,0.12408822774887085,0.02421949990093708,0.02625013142824173,3.98974609375,3.9957275390625,0.9275461435317993,4,160,0.23778977990150452
40,10,4,0.9,lat,4,0.1590734426227601,0.11604152619838715,0.00878541637212038,0.010464627295732498,4.0,4.0,0.9068783521652222,4,160,0.2407234013080597
40,10,4,0.99,baseline,0,0.06287058170164558,0.09619063138961792,0.05781039595603943,0.06884733587503433,1.0,1.0,0.9986678957939148,1,160,0.22176890075206757
40,10,4,0.99,baseline,1,0.055686130630644454,0.09280220419168472,0.08536437153816223,0.09491269290447235,1.0,1.0,0.9775609970092773,1,160,0.22719717025756836
40,10,4,0.99,baseline,2,0.06149347151874694,0.09371316432952881,0.06362356245517731,0.07494176179170609,1.0,1.0,0.9975873827934265,1,160,0.223735973238945
40,10,4,0.99,baseline,3,0.04938566328885576,0.09165022522211075,0.05212869122624397,0.06130106747150421,1.0,1.0,0.9975910186767578,1,160,0.22259362041950226
40,10,4,0.99,baseline,4,0.0497495170057579,0.08711498975753784,0.0825611799955368,0.09279819577932358,1.0,1.0,0.9827213287353516,1,160,0.23934677243232727
40,10,4,0.99,input_at,0,0.07882168092691129,0.09726744145154953,0.04498940706253052,0.053752221167087555,1.0,1.0,0.9497001767158508,1,160,0.23025545477867126
40,10,4,0.99,input_at,1,0.07101839660533495,0.09888533502817154,0.045305605977773666,0.05604565516114235,1.0,1.0,0.9631820917129517,1,160,0.22862939536571503
40,10,4,0.99,input_at,2,0.08057400859304747,0.10690014064311981,0.044988904148340225,0.05586579814553261,1.0,1.0,0.9601505994796753,1,160,0.22808881103992462
40,10,4,0.99,input_at,3,0.0705639865714649,0.09350568056106567,0.035145848989486694,0.04323543235659599,1.0,1.0,0.9534488916397095,1,160,0.228425532579422
40,10,4,0.99,input_at,4,0.07452592047277364,0.14876970648765564,0.03282853588461876,0.0429086834192276,1.0,1.0,0.9354300498962402,1,160,0.22889184951782227
40,10,4,0.99,lat,0,0.06702445384971208,0.08750154823064804,0.04665167257189751,0.06130030378699303,1.0,1.0,0.977611243724823,1,160,0.2385394275188446
40,10,4,0.99,lat,1,0.06443005805187937,0.09517092257738113,0.08105695247650146,0.08759791404008865,1.0,1.0,0.9548923373222351,1,160,0.2351793497800827
40,10,4,0.99,lat,2,0.06453682409692618,0.0906977504491806,0.05041544511914253,0.0607638917863369,1.0,1.0,0.9889259338378906,1,160,0.23687875270843506
40,10,4,0.99,lat,3,0.05801753170495998,0.08996881544589996,0.043985843658447266,0.055483561009168625,1.0,1.0,0.9787208437919617,1,160,0.2324841469526291
40,10,4,0.99,lat,4,0.05786190397929873,0.08500254899263382,0.05224863812327385,0.061556506901979446,1.0,1.0,0.9756463766098022,1,160,0.24498632550239563
80,10,8,0.8,baseline,0,0.24649744260705217,0.3449726998806,0.007156204432249069,0.012739810161292553,15.9617919921875,15.95703125,0.7965813875198364,16,320,0.10925308614969254
80,10,8,0.8,baseline,1,0.2476979425441779,0.2899192273616791,0.007518663536757231,0.01027262955904007,15.9078369140625,15.9149169921875,0.8283246159553528,16,320,0.10729316622018814
80,10,8,0.8,baseline,2,0.2619048589277822,0.484720379114151,0.006943204905837774,0.010916534811258316,15.96875,15.97119140625,0.795821487903595,16,320,0.10314204543828964
80,10,8,0.8,baseline,3,0.2511199119463394,0.17800955474376678,0.005059081595391035,0.00935174711048603,15.97607421875,15.9757080078125,0.8191258311271667,16,320,0.11398132890462875
80,10,8,0.8,baseline,4,0.22981861832624748,0.31704041361808777,0.005348730832338333,0.008392687886953354,15.9676513671875,15.9698486328125,0.8064895868301392,16,320,0.11557851731777191
80,10,8,0.8,input_at,0,0.5132024141605179,0.20268426835536957,0.011688798666000366,0.012357421219348907,15.9024658203125,15.8912353515625,0.8135908246040344,16,320,0.090138278901577
80,10,8,0.8,input_at,1,0.43126575590761,0.5078303217887878,0.005906586069613695,0.0063589089550077915,15.924072265625,15.9202880859375,0.8852148056030273,16,320,0.09559569507837296
80,10,8,0.8,input_at,2,0.5152463839893507,0.2591998279094696,0.00696188397705555,0.00810801237821579,15.9620361328125,15.9609375,0.8091441988945007,16,320,0.0732412189245224
80,10,8,0.8,input_at,3,0.3691728818466076,0.49120286107063293,0.00821793731302023,0.009927165694534779,15.9461669921875,15.9412841796875,0.821490466594696,16,320,0.09642548859119415
80,10,8,0.8,input_at,4,0.3280901785439267,0.31552767753601074,0.006201758980751038,0.007474604062736034,15.9427490234375,15.9444580078125,0.8415462374687195,16,320,0.09945006668567657
80,10,8,0.8,lat,0,0.3384653663733134,0.4342062175273895,0.012702894397079945,0.014985467307269573,15.957763671875,15.9619140625,0.8096133470535278,16,320,0.10738398134708405
80,10,8,0.8,lat,1,0.26187596538443025,0.25212663412094116,0.010408964939415455,0.010685443878173828,15.9761962890625,15.97607421875,0.8031773567199707,16,320,0.11396126449108124
80,10,8,0.8,lat,2,0.32082161780363466,0.2615300118923187,0.016896558925509453,0.01811087131500244,15.9561767578125,15.960205078125,0.8308303952217102,16,320,0.11528565734624863
80,10,8,0.8,lat,3,0.3003451725270188,0.14923769235610962,0.0067845857702195644,0.006445598788559437,15.83740234375,15.838134765625,0.8246512413024902,16,320,0.12057103961706161
80,10,8,0.8,lat,4,0.2609496244225648,0.5876423716545105,0.010774769820272923,0.012157770805060863,15.97509765625,15.9791259765625,0.8626211881637573,16,320,0.12236068397760391
80,10,8,0.9,baseline,0,0.19599811249875346,0.3151170611381531,0.011788880452513695,0.015116405673325062,7.9998779296875,8.0,0.8595306277275085,8,320,0.11008989810943604
80,10,8,0.9,baseline,1,0.17195073626742036,0.1253054440021515,0.00610933406278491,0.008362342603504658,8.0,8.0,0.8279131054878235,8,320,0.11213944107294083
80,10,8,0.9,baseline,2,0.19337862568279213,0.5513302683830261,0.009799383580684662,0.014435449615120888,8.0,8.0,0.8053199052810669,8,320,0.1047084704041481
80,10,8,0.9,baseline,3,0.1731921865591918,0.15684804320335388,0.011071699671447277,0.014862564392387867,8.0,8.0,0.8343341946601868,8,320,0.11382873356342316
80,10,8,0.9,baseline,4,0.18117484584485458,0.13148565590381622,0.009959511458873749,0.01276368461549282,7.999755859375,7.999755859375,0.8225665092468262,8,320,0.11536015570163727
80,10,8,0.9,input_at,0,0.3342920829512987,0.3814035654067993,0.009698339737951756,0.013138518668711185,7.9989013671875,7.999267578125,0.8479183316230774,8,320,0.10108958184719086
80,10,8,0.9,input_at,1,0.283103887665957,0.5016775131225586,0.0041825477965176105,0.006849296856671572,7.995849609375,7.9967041015625,0.8121421933174133,8,320,0.11193559318780899
80,10,8,0.9,input_at,2,0.377227255666043,0.524296760559082,0.0070185586810112,0.010369645431637764,8.0,8.0,0.8705808520317078,8,320,0.09511622041463852
80,10,8,0.9,input_at,3,0.26715093947135127,0.46798792481422424,0.008358321152627468,0.010335971601307392,8.0,8.0,0.8292366862297058,8,320,0.11048327386379242
80,10,8,0.9,input_at,4,0.36282662700537505,0.5273435711860657,0.011000461876392365,0.012145214714109898,8.0,8.0,0.8057263493537903,8,320,0.10826507955789566
80,10,8,0.9,lat,0,0.2044348775762528,0.45595529675483704,0.010247733443975449,0.01210855133831501,7.9993896484375,7.9998779296875,0.8532037734985352,8,320,0.11205288022756577
80,10,8,0.9,lat,1,0.19117490195482204,0.14812953770160675,0.01268323790282011,0.01383398100733757,8.0,8.0,0.8132173418998718,8,320,0.11644144356250763
80,10,8,0.9,lat,2,0.1930230008525471,0.5422560572624207,0.005369937047362328,0.007081158924847841,8.0,7.9998779296875,0.8320491909980774,8,320,0.11193481832742691
80,10,8,0.9,lat,3,0.18165562850345462,0.14720472693443298,0.010476198978722095,0.012304475530982018,8.0,8.0,0.8401027917861938,8,320,0.11907698214054108
80,10,8,0.9,lat,4,0.18446062097816096,0.17025887966156006,0.008561765775084496,0.010515037924051285,8.0,8.0,0.8267909288406372,8,320,0.11678020656108856
80,10,8,0.99,baseline,0,0.11677620250059621,0.22077806293964386,0.052791569381952286,0.06535918265581131,1.0,1.0,0.9555937051773071,1,320,0.10504414141178131
80,10,8,0.99,baseline,1,0.07483406164662927,0.25618261098861694,0.053824421018362045,0.06544618308544159,1.0,1.0,0.9755155444145203,1,320,0.11340197175741196
80,10,8,0.99,baseline,2,0.07631594713458444,0.26460933685302734,0.05973246321082115,0.06881090253591537,1.0,1.0,0.9783395528793335,1,320,0.10761293023824692
80,10,8,0.99,baseline,3,0.0710645910835551,0.11150286346673965,0.060404036194086075,0.07170291244983673,1.0,1.0,0.9225953817367554,1,320,0.11713011562824249
80,10,8,0.99,baseline,4,0.06758388655127699,0.14574332535266876,0.051926467567682266,0.06672798842191696,1.0,1.0,0.9438303112983704,1,320,0.1158568412065506
80,10,8,0.99,input_at,0,0.2835827460776969,0.3384827673435211,0.03280933201313019,0.04659406468272209,1.0,1.0,0.9644902944564819,1,320,0.10181556642055511
80,10,8,0.99,input_at,1,0.1350231433594324,0.4409826099872589,0.03303053602576256,0.04184061661362648,1.0,1.0,0.9818031191825867,1,320,0.11421845853328705
80,10,8,0.99,input_at,2,0.1230591102710825,0.46984872221946716,0.04613567143678665,0.05518757551908493,1.0,1.0,0.9865583181381226,1,320,0.10157276690006256
80,10,8,0.99,input_at,3,0.1371421319628157,0.44496649503707886,0.032941512763500214,0.04133739322423935,1.0,1.0,0.9777837991714478,1,320,0.10845430195331573
80,10,8,0.99,input_at,4,0.16264032865854505,0.38392287492752075,0.03960009291768074,0.049447059631347656,1.0,1.0,0.9696992635726929,1,320,0.11405517905950546
80,10,8,0.99,lat,0,0.11662683348768756,0.24076293408870697,0.04470347613096237,0.05598609521985054,1.0,1.0,0.9649330973625183,1,320,0.11455144733190536
80,10,8,0.99,lat,1,0.10048541940151101,0.2706766426563263,0.048734404146671295,0.06361457705497742,1.0,1.0,0.9635777473449707,1,320,0.11929947137832642
80,10,8,0.99,lat,2,0.0982654994750066,0.2386508285999298,0.051392801105976105,0.05974104255437851,1.0,1.0,0.9699059724807739,1,320,0.11682204902172089
80,10,8,0.99,lat,3,0.07899555262494945,0.12111309170722961,0.04011974483728409,0.05042069032788277,1.0,1.0,0.9167536497116089,1,320,0.11953045427799225
80,10,8,0.99,lat,4,0.06961266498949002,0.18645253777503967,0.0451023243367672,0.055583756417036057,1.0,1.0,0.9486044049263,1,320,0.12024332582950592
